-- phpMyAdmin SQL Dump
-- version 5.0.2
-- https://www.phpmyadmin.net/
--
-- Host: 127.0.0.1:3306
-- Generation Time: May 21, 2023 at 12:20 PM
-- Server version: 5.7.31
-- PHP Version: 7.3.21

SET SQL_MODE = "NO_AUTO_VALUE_ON_ZERO";
START TRANSACTION;
SET time_zone = "+00:00";


/*!40101 SET @OLD_CHARACTER_SET_CLIENT=@@CHARACTER_SET_CLIENT */;
/*!40101 SET @OLD_CHARACTER_SET_RESULTS=@@CHARACTER_SET_RESULTS */;
/*!40101 SET @OLD_COLLATION_CONNECTION=@@COLLATION_CONNECTION */;
/*!40101 SET NAMES utf8mb4 */;

--
-- Database: `hostel`
--

-- --------------------------------------------------------

--
-- Table structure for table `failed_jobs`
--

DROP TABLE IF EXISTS `failed_jobs`;
CREATE TABLE IF NOT EXISTS `failed_jobs` (
  `id` bigint(20) UNSIGNED NOT NULL AUTO_INCREMENT,
  `connection` text COLLATE utf8mb4_unicode_ci NOT NULL,
  `queue` text COLLATE utf8mb4_unicode_ci NOT NULL,
  `payload` longtext COLLATE utf8mb4_unicode_ci NOT NULL,
  `exception` longtext COLLATE utf8mb4_unicode_ci NOT NULL,
  `failed_at` timestamp NOT NULL DEFAULT CURRENT_TIMESTAMP,
  PRIMARY KEY (`id`)
) ENGINE=MyISAM AUTO_INCREMENT=16 DEFAULT CHARSET=utf8mb4 COLLATE=utf8mb4_unicode_ci;

--
-- Dumping data for table `failed_jobs`
--

INSERT INTO `failed_jobs` (`id`, `connection`, `queue`, `payload`, `exception`, `failed_at`) VALUES
(1, 'database', 'default', '{\"uuid\":\"c5ad2d46-cbd0-4e5f-9c09-35341405bce2\",\"displayName\":\"App\\\\Mail\\\\MailEngine\",\"job\":\"Illuminate\\\\Queue\\\\CallQueuedHandler@call\",\"maxTries\":null,\"maxExceptions\":null,\"delay\":null,\"timeout\":null,\"timeoutAt\":null,\"data\":{\"commandName\":\"Illuminate\\\\Mail\\\\SendQueuedMailable\",\"command\":\"O:34:\\\"Illuminate\\\\Mail\\\\SendQueuedMailable\\\":3:{s:8:\\\"mailable\\\";O:19:\\\"App\\\\Mail\\\\MailEngine\\\":26:{s:4:\\\"data\\\";a:3:{s:9:\\\"recipient\\\";s:22:\\\"2019ucp1429@mnit.ac.in\\\";s:7:\\\"subject\\\";N;s:7:\\\"message\\\";N;}s:6:\\\"locale\\\";N;s:4:\\\"from\\\";a:0:{}s:2:\\\"to\\\";a:1:{i:0;a:2:{s:4:\\\"name\\\";N;s:7:\\\"address\\\";s:22:\\\"2019ucp1429@mnit.ac.in\\\";}}s:2:\\\"cc\\\";a:0:{}s:3:\\\"bcc\\\";a:0:{}s:7:\\\"replyTo\\\";a:0:{}s:7:\\\"subject\\\";N;s:11:\\\"\\u0000*\\u0000markdown\\\";N;s:7:\\\"\\u0000*\\u0000html\\\";N;s:4:\\\"view\\\";N;s:8:\\\"textView\\\";N;s:8:\\\"viewData\\\";a:0:{}s:11:\\\"attachments\\\";a:0:{}s:14:\\\"rawAttachments\\\";a:0:{}s:15:\\\"diskAttachments\\\";a:0:{}s:9:\\\"callbacks\\\";a:0:{}s:5:\\\"theme\\\";N;s:6:\\\"mailer\\\";s:4:\\\"smtp\\\";s:10:\\\"connection\\\";N;s:5:\\\"queue\\\";N;s:15:\\\"chainConnection\\\";N;s:10:\\\"chainQueue\\\";N;s:5:\\\"delay\\\";N;s:10:\\\"middleware\\\";a:0:{}s:7:\\\"chained\\\";a:0:{}}s:5:\\\"tries\\\";N;s:7:\\\"timeout\\\";N;}\"}}', 'ErrorException: Trying to get property \'name\' of non-object in C:\\xampp\\htdocs\\hostel_manage\\app\\Mail\\MailEngine.php:34\nStack trace:\n#0 C:\\xampp\\htdocs\\hostel_manage\\app\\Mail\\MailEngine.php(34): Illuminate\\Foundation\\Bootstrap\\HandleExceptions->handleError(8, \'Trying to get p...\', \'C:\\\\xampp\\\\htdocs...\', 34, Array)\n#1 C:\\xampp\\htdocs\\hostel_manage\\vendor\\laravel\\framework\\src\\Illuminate\\Container\\BoundMethod.php(36): App\\Mail\\MailEngine->build()\n#2 C:\\xampp\\htdocs\\hostel_manage\\vendor\\laravel\\framework\\src\\Illuminate\\Container\\Util.php(37): Illuminate\\Container\\BoundMethod::Illuminate\\Container\\{closure}()\n#3 C:\\xampp\\htdocs\\hostel_manage\\vendor\\laravel\\framework\\src\\Illuminate\\Container\\BoundMethod.php(93): Illuminate\\Container\\Util::unwrapIfClosure(Object(Closure))\n#4 C:\\xampp\\htdocs\\hostel_manage\\vendor\\laravel\\framework\\src\\Illuminate\\Container\\BoundMethod.php(37): Illuminate\\Container\\BoundMethod::callBoundMethod(Object(Illuminate\\Foundation\\Application), Array, Object(Closure))\n#5 C:\\xampp\\htdocs\\hostel_manage\\vendor\\laravel\\framework\\src\\Illuminate\\Container\\Container.php(596): Illuminate\\Container\\BoundMethod::call(Object(Illuminate\\Foundation\\Application), Array, Array, NULL)\n#6 C:\\xampp\\htdocs\\hostel_manage\\vendor\\laravel\\framework\\src\\Illuminate\\Mail\\Mailable.php(165): Illuminate\\Container\\Container->call(Array)\n#7 C:\\xampp\\htdocs\\hostel_manage\\vendor\\laravel\\framework\\src\\Illuminate\\Support\\Traits\\Localizable.php(19): Illuminate\\Mail\\Mailable->Illuminate\\Mail\\{closure}()\n#8 C:\\xampp\\htdocs\\hostel_manage\\vendor\\laravel\\framework\\src\\Illuminate\\Mail\\Mailable.php(178): Illuminate\\Mail\\Mailable->withLocale(NULL, Object(Closure))\n#9 C:\\xampp\\htdocs\\hostel_manage\\vendor\\laravel\\framework\\src\\Illuminate\\Mail\\SendQueuedMailable.php(52): Illuminate\\Mail\\Mailable->send(Object(Illuminate\\Mail\\MailManager))\n#10 C:\\xampp\\htdocs\\hostel_manage\\vendor\\laravel\\framework\\src\\Illuminate\\Container\\BoundMethod.php(36): Illuminate\\Mail\\SendQueuedMailable->handle(Object(Illuminate\\Mail\\MailManager))\n#11 C:\\xampp\\htdocs\\hostel_manage\\vendor\\laravel\\framework\\src\\Illuminate\\Container\\Util.php(37): Illuminate\\Container\\BoundMethod::Illuminate\\Container\\{closure}()\n#12 C:\\xampp\\htdocs\\hostel_manage\\vendor\\laravel\\framework\\src\\Illuminate\\Container\\BoundMethod.php(93): Illuminate\\Container\\Util::unwrapIfClosure(Object(Closure))\n#13 C:\\xampp\\htdocs\\hostel_manage\\vendor\\laravel\\framework\\src\\Illuminate\\Container\\BoundMethod.php(37): Illuminate\\Container\\BoundMethod::callBoundMethod(Object(Illuminate\\Foundation\\Application), Array, Object(Closure))\n#14 C:\\xampp\\htdocs\\hostel_manage\\vendor\\laravel\\framework\\src\\Illuminate\\Container\\Container.php(596): Illuminate\\Container\\BoundMethod::call(Object(Illuminate\\Foundation\\Application), Array, Array, NULL)\n#15 C:\\xampp\\htdocs\\hostel_manage\\vendor\\laravel\\framework\\src\\Illuminate\\Bus\\Dispatcher.php(94): Illuminate\\Container\\Container->call(Array)\n#16 C:\\xampp\\htdocs\\hostel_manage\\vendor\\laravel\\framework\\src\\Illuminate\\Pipeline\\Pipeline.php(128): Illuminate\\Bus\\Dispatcher->Illuminate\\Bus\\{closure}(Object(Illuminate\\Mail\\SendQueuedMailable))\n#17 C:\\xampp\\htdocs\\hostel_manage\\vendor\\laravel\\framework\\src\\Illuminate\\Pipeline\\Pipeline.php(103): Illuminate\\Pipeline\\Pipeline->Illuminate\\Pipeline\\{closure}(Object(Illuminate\\Mail\\SendQueuedMailable))\n#18 C:\\xampp\\htdocs\\hostel_manage\\vendor\\laravel\\framework\\src\\Illuminate\\Bus\\Dispatcher.php(98): Illuminate\\Pipeline\\Pipeline->then(Object(Closure))\n#19 C:\\xampp\\htdocs\\hostel_manage\\vendor\\laravel\\framework\\src\\Illuminate\\Queue\\CallQueuedHandler.php(83): Illuminate\\Bus\\Dispatcher->dispatchNow(Object(Illuminate\\Mail\\SendQueuedMailable), false)\n#20 C:\\xampp\\htdocs\\hostel_manage\\vendor\\laravel\\framework\\src\\Illuminate\\Pipeline\\Pipeline.php(128): Illuminate\\Queue\\CallQueuedHandler->Illuminate\\Queue\\{closure}(Object(Illuminate\\Mail\\SendQueuedMailable))\n#21 C:\\xampp\\htdocs\\hostel_manage\\vendor\\laravel\\framework\\src\\Illuminate\\Pipeline\\Pipeline.php(103): Illuminate\\Pipeline\\Pipeline->Illuminate\\Pipeline\\{closure}(Object(Illuminate\\Mail\\SendQueuedMailable))\n#22 C:\\xampp\\htdocs\\hostel_manage\\vendor\\laravel\\framework\\src\\Illuminate\\Queue\\CallQueuedHandler.php(85): Illuminate\\Pipeline\\Pipeline->then(Object(Closure))\n#23 C:\\xampp\\htdocs\\hostel_manage\\vendor\\laravel\\framework\\src\\Illuminate\\Queue\\CallQueuedHandler.php(59): Illuminate\\Queue\\CallQueuedHandler->dispatchThroughMiddleware(Object(Illuminate\\Queue\\Jobs\\DatabaseJob), Object(Illuminate\\Mail\\SendQueuedMailable))\n#24 C:\\xampp\\htdocs\\hostel_manage\\vendor\\laravel\\framework\\src\\Illuminate\\Queue\\Jobs\\Job.php(98): Illuminate\\Queue\\CallQueuedHandler->call(Object(Illuminate\\Queue\\Jobs\\DatabaseJob), Array)\n#25 C:\\xampp\\htdocs\\hostel_manage\\vendor\\laravel\\framework\\src\\Illuminate\\Queue\\Worker.php(356): Illuminate\\Queue\\Jobs\\Job->fire()\n#26 C:\\xampp\\htdocs\\hostel_manage\\vendor\\laravel\\framework\\src\\Illuminate\\Queue\\Worker.php(306): Illuminate\\Queue\\Worker->process(\'database\', Object(Illuminate\\Queue\\Jobs\\DatabaseJob), Object(Illuminate\\Queue\\WorkerOptions))\n#27 C:\\xampp\\htdocs\\hostel_manage\\vendor\\laravel\\framework\\src\\Illuminate\\Queue\\Worker.php(132): Illuminate\\Queue\\Worker->runJob(Object(Illuminate\\Queue\\Jobs\\DatabaseJob), \'database\', Object(Illuminate\\Queue\\WorkerOptions))\n#28 C:\\xampp\\htdocs\\hostel_manage\\vendor\\laravel\\framework\\src\\Illuminate\\Queue\\Console\\WorkCommand.php(112): Illuminate\\Queue\\Worker->daemon(\'database\', \'default\', Object(Illuminate\\Queue\\WorkerOptions))\n#29 C:\\xampp\\htdocs\\hostel_manage\\vendor\\laravel\\framework\\src\\Illuminate\\Queue\\Console\\WorkCommand.php(96): Illuminate\\Queue\\Console\\WorkCommand->runWorker(\'database\', \'default\')\n#30 C:\\xampp\\htdocs\\hostel_manage\\vendor\\laravel\\framework\\src\\Illuminate\\Container\\BoundMethod.php(36): Illuminate\\Queue\\Console\\WorkCommand->handle()\n#31 C:\\xampp\\htdocs\\hostel_manage\\vendor\\laravel\\framework\\src\\Illuminate\\Container\\Util.php(37): Illuminate\\Container\\BoundMethod::Illuminate\\Container\\{closure}()\n#32 C:\\xampp\\htdocs\\hostel_manage\\vendor\\laravel\\framework\\src\\Illuminate\\Container\\BoundMethod.php(93): Illuminate\\Container\\Util::unwrapIfClosure(Object(Closure))\n#33 C:\\xampp\\htdocs\\hostel_manage\\vendor\\laravel\\framework\\src\\Illuminate\\Container\\BoundMethod.php(37): Illuminate\\Container\\BoundMethod::callBoundMethod(Object(Illuminate\\Foundation\\Application), Array, Object(Closure))\n#34 C:\\xampp\\htdocs\\hostel_manage\\vendor\\laravel\\framework\\src\\Illuminate\\Container\\Container.php(596): Illuminate\\Container\\BoundMethod::call(Object(Illuminate\\Foundation\\Application), Array, Array, NULL)\n#35 C:\\xampp\\htdocs\\hostel_manage\\vendor\\laravel\\framework\\src\\Illuminate\\Console\\Command.php(134): Illuminate\\Container\\Container->call(Array)\n#36 C:\\xampp\\htdocs\\hostel_manage\\vendor\\symfony\\console\\Command\\Command.php(298): Illuminate\\Console\\Command->execute(Object(Symfony\\Component\\Console\\Input\\ArgvInput), Object(Illuminate\\Console\\OutputStyle))\n#37 C:\\xampp\\htdocs\\hostel_manage\\vendor\\laravel\\framework\\src\\Illuminate\\Console\\Command.php(121): Symfony\\Component\\Console\\Command\\Command->run(Object(Symfony\\Component\\Console\\Input\\ArgvInput), Object(Illuminate\\Console\\OutputStyle))\n#38 C:\\xampp\\htdocs\\hostel_manage\\vendor\\symfony\\console\\Application.php(1005): Illuminate\\Console\\Command->run(Object(Symfony\\Component\\Console\\Input\\ArgvInput), Object(Symfony\\Component\\Console\\Output\\ConsoleOutput))\n#39 C:\\xampp\\htdocs\\hostel_manage\\vendor\\symfony\\console\\Application.php(299): Symfony\\Component\\Console\\Application->doRunCommand(Object(Illuminate\\Queue\\Console\\WorkCommand), Object(Symfony\\Component\\Console\\Input\\ArgvInput), Object(Symfony\\Component\\Console\\Output\\ConsoleOutput))\n#40 C:\\xampp\\htdocs\\hostel_manage\\vendor\\symfony\\console\\Application.php(171): Symfony\\Component\\Console\\Application->doRun(Object(Symfony\\Component\\Console\\Input\\ArgvInput), Object(Symfony\\Component\\Console\\Output\\ConsoleOutput))\n#41 C:\\xampp\\htdocs\\hostel_manage\\vendor\\laravel\\framework\\src\\Illuminate\\Console\\Application.php(93): Symfony\\Component\\Console\\Application->run(Object(Symfony\\Component\\Console\\Input\\ArgvInput), Object(Symfony\\Component\\Console\\Output\\ConsoleOutput))\n#42 C:\\xampp\\htdocs\\hostel_manage\\vendor\\laravel\\framework\\src\\Illuminate\\Foundation\\Console\\Kernel.php(129): Illuminate\\Console\\Application->run(Object(Symfony\\Component\\Console\\Input\\ArgvInput), Object(Symfony\\Component\\Console\\Output\\ConsoleOutput))\n#43 C:\\xampp\\htdocs\\hostel_manage\\artisan(37): Illuminate\\Foundation\\Console\\Kernel->handle(Object(Symfony\\Component\\Console\\Input\\ArgvInput), Object(Symfony\\Component\\Console\\Output\\ConsoleOutput))\n#44 {main}', '2022-01-13 11:49:25'),
(2, 'database', 'default', '{\"uuid\":\"4791c704-60ba-4d52-a72d-961b926a99f9\",\"displayName\":\"App\\\\Mail\\\\MailEngine\",\"job\":\"Illuminate\\\\Queue\\\\CallQueuedHandler@call\",\"maxTries\":null,\"maxExceptions\":null,\"delay\":null,\"timeout\":null,\"timeoutAt\":null,\"data\":{\"commandName\":\"Illuminate\\\\Mail\\\\SendQueuedMailable\",\"command\":\"O:34:\\\"Illuminate\\\\Mail\\\\SendQueuedMailable\\\":3:{s:8:\\\"mailable\\\";O:19:\\\"App\\\\Mail\\\\MailEngine\\\":26:{s:4:\\\"data\\\";a:3:{s:9:\\\"recipient\\\";s:22:\\\"2019ucp1429@mnit.ac.in\\\";s:7:\\\"subject\\\";N;s:7:\\\"message\\\";N;}s:6:\\\"locale\\\";N;s:4:\\\"from\\\";a:0:{}s:2:\\\"to\\\";a:1:{i:0;a:2:{s:4:\\\"name\\\";N;s:7:\\\"address\\\";s:22:\\\"2019ucp1429@mnit.ac.in\\\";}}s:2:\\\"cc\\\";a:0:{}s:3:\\\"bcc\\\";a:0:{}s:7:\\\"replyTo\\\";a:0:{}s:7:\\\"subject\\\";N;s:11:\\\"\\u0000*\\u0000markdown\\\";N;s:7:\\\"\\u0000*\\u0000html\\\";N;s:4:\\\"view\\\";N;s:8:\\\"textView\\\";N;s:8:\\\"viewData\\\";a:0:{}s:11:\\\"attachments\\\";a:0:{}s:14:\\\"rawAttachments\\\";a:0:{}s:15:\\\"diskAttachments\\\";a:0:{}s:9:\\\"callbacks\\\";a:0:{}s:5:\\\"theme\\\";N;s:6:\\\"mailer\\\";s:4:\\\"smtp\\\";s:10:\\\"connection\\\";N;s:5:\\\"queue\\\";N;s:15:\\\"chainConnection\\\";N;s:10:\\\"chainQueue\\\";N;s:5:\\\"delay\\\";N;s:10:\\\"middleware\\\";a:0:{}s:7:\\\"chained\\\";a:0:{}}s:5:\\\"tries\\\";N;s:7:\\\"timeout\\\";N;}\"}}', 'ErrorException: Trying to get property \'name\' of non-object in C:\\xampp\\htdocs\\hostel_manage\\app\\Mail\\MailEngine.php:34\nStack trace:\n#0 C:\\xampp\\htdocs\\hostel_manage\\app\\Mail\\MailEngine.php(34): Illuminate\\Foundation\\Bootstrap\\HandleExceptions->handleError(8, \'Trying to get p...\', \'C:\\\\xampp\\\\htdocs...\', 34, Array)\n#1 C:\\xampp\\htdocs\\hostel_manage\\vendor\\laravel\\framework\\src\\Illuminate\\Container\\BoundMethod.php(36): App\\Mail\\MailEngine->build()\n#2 C:\\xampp\\htdocs\\hostel_manage\\vendor\\laravel\\framework\\src\\Illuminate\\Container\\Util.php(37): Illuminate\\Container\\BoundMethod::Illuminate\\Container\\{closure}()\n#3 C:\\xampp\\htdocs\\hostel_manage\\vendor\\laravel\\framework\\src\\Illuminate\\Container\\BoundMethod.php(93): Illuminate\\Container\\Util::unwrapIfClosure(Object(Closure))\n#4 C:\\xampp\\htdocs\\hostel_manage\\vendor\\laravel\\framework\\src\\Illuminate\\Container\\BoundMethod.php(37): Illuminate\\Container\\BoundMethod::callBoundMethod(Object(Illuminate\\Foundation\\Application), Array, Object(Closure))\n#5 C:\\xampp\\htdocs\\hostel_manage\\vendor\\laravel\\framework\\src\\Illuminate\\Container\\Container.php(596): Illuminate\\Container\\BoundMethod::call(Object(Illuminate\\Foundation\\Application), Array, Array, NULL)\n#6 C:\\xampp\\htdocs\\hostel_manage\\vendor\\laravel\\framework\\src\\Illuminate\\Mail\\Mailable.php(165): Illuminate\\Container\\Container->call(Array)\n#7 C:\\xampp\\htdocs\\hostel_manage\\vendor\\laravel\\framework\\src\\Illuminate\\Support\\Traits\\Localizable.php(19): Illuminate\\Mail\\Mailable->Illuminate\\Mail\\{closure}()\n#8 C:\\xampp\\htdocs\\hostel_manage\\vendor\\laravel\\framework\\src\\Illuminate\\Mail\\Mailable.php(178): Illuminate\\Mail\\Mailable->withLocale(NULL, Object(Closure))\n#9 C:\\xampp\\htdocs\\hostel_manage\\vendor\\laravel\\framework\\src\\Illuminate\\Mail\\SendQueuedMailable.php(52): Illuminate\\Mail\\Mailable->send(Object(Illuminate\\Mail\\MailManager))\n#10 C:\\xampp\\htdocs\\hostel_manage\\vendor\\laravel\\framework\\src\\Illuminate\\Container\\BoundMethod.php(36): Illuminate\\Mail\\SendQueuedMailable->handle(Object(Illuminate\\Mail\\MailManager))\n#11 C:\\xampp\\htdocs\\hostel_manage\\vendor\\laravel\\framework\\src\\Illuminate\\Container\\Util.php(37): Illuminate\\Container\\BoundMethod::Illuminate\\Container\\{closure}()\n#12 C:\\xampp\\htdocs\\hostel_manage\\vendor\\laravel\\framework\\src\\Illuminate\\Container\\BoundMethod.php(93): Illuminate\\Container\\Util::unwrapIfClosure(Object(Closure))\n#13 C:\\xampp\\htdocs\\hostel_manage\\vendor\\laravel\\framework\\src\\Illuminate\\Container\\BoundMethod.php(37): Illuminate\\Container\\BoundMethod::callBoundMethod(Object(Illuminate\\Foundation\\Application), Array, Object(Closure))\n#14 C:\\xampp\\htdocs\\hostel_manage\\vendor\\laravel\\framework\\src\\Illuminate\\Container\\Container.php(596): Illuminate\\Container\\BoundMethod::call(Object(Illuminate\\Foundation\\Application), Array, Array, NULL)\n#15 C:\\xampp\\htdocs\\hostel_manage\\vendor\\laravel\\framework\\src\\Illuminate\\Bus\\Dispatcher.php(94): Illuminate\\Container\\Container->call(Array)\n#16 C:\\xampp\\htdocs\\hostel_manage\\vendor\\laravel\\framework\\src\\Illuminate\\Pipeline\\Pipeline.php(128): Illuminate\\Bus\\Dispatcher->Illuminate\\Bus\\{closure}(Object(Illuminate\\Mail\\SendQueuedMailable))\n#17 C:\\xampp\\htdocs\\hostel_manage\\vendor\\laravel\\framework\\src\\Illuminate\\Pipeline\\Pipeline.php(103): Illuminate\\Pipeline\\Pipeline->Illuminate\\Pipeline\\{closure}(Object(Illuminate\\Mail\\SendQueuedMailable))\n#18 C:\\xampp\\htdocs\\hostel_manage\\vendor\\laravel\\framework\\src\\Illuminate\\Bus\\Dispatcher.php(98): Illuminate\\Pipeline\\Pipeline->then(Object(Closure))\n#19 C:\\xampp\\htdocs\\hostel_manage\\vendor\\laravel\\framework\\src\\Illuminate\\Queue\\CallQueuedHandler.php(83): Illuminate\\Bus\\Dispatcher->dispatchNow(Object(Illuminate\\Mail\\SendQueuedMailable), false)\n#20 C:\\xampp\\htdocs\\hostel_manage\\vendor\\laravel\\framework\\src\\Illuminate\\Pipeline\\Pipeline.php(128): Illuminate\\Queue\\CallQueuedHandler->Illuminate\\Queue\\{closure}(Object(Illuminate\\Mail\\SendQueuedMailable))\n#21 C:\\xampp\\htdocs\\hostel_manage\\vendor\\laravel\\framework\\src\\Illuminate\\Pipeline\\Pipeline.php(103): Illuminate\\Pipeline\\Pipeline->Illuminate\\Pipeline\\{closure}(Object(Illuminate\\Mail\\SendQueuedMailable))\n#22 C:\\xampp\\htdocs\\hostel_manage\\vendor\\laravel\\framework\\src\\Illuminate\\Queue\\CallQueuedHandler.php(85): Illuminate\\Pipeline\\Pipeline->then(Object(Closure))\n#23 C:\\xampp\\htdocs\\hostel_manage\\vendor\\laravel\\framework\\src\\Illuminate\\Queue\\CallQueuedHandler.php(59): Illuminate\\Queue\\CallQueuedHandler->dispatchThroughMiddleware(Object(Illuminate\\Queue\\Jobs\\DatabaseJob), Object(Illuminate\\Mail\\SendQueuedMailable))\n#24 C:\\xampp\\htdocs\\hostel_manage\\vendor\\laravel\\framework\\src\\Illuminate\\Queue\\Jobs\\Job.php(98): Illuminate\\Queue\\CallQueuedHandler->call(Object(Illuminate\\Queue\\Jobs\\DatabaseJob), Array)\n#25 C:\\xampp\\htdocs\\hostel_manage\\vendor\\laravel\\framework\\src\\Illuminate\\Queue\\Worker.php(356): Illuminate\\Queue\\Jobs\\Job->fire()\n#26 C:\\xampp\\htdocs\\hostel_manage\\vendor\\laravel\\framework\\src\\Illuminate\\Queue\\Worker.php(306): Illuminate\\Queue\\Worker->process(\'database\', Object(Illuminate\\Queue\\Jobs\\DatabaseJob), Object(Illuminate\\Queue\\WorkerOptions))\n#27 C:\\xampp\\htdocs\\hostel_manage\\vendor\\laravel\\framework\\src\\Illuminate\\Queue\\Worker.php(132): Illuminate\\Queue\\Worker->runJob(Object(Illuminate\\Queue\\Jobs\\DatabaseJob), \'database\', Object(Illuminate\\Queue\\WorkerOptions))\n#28 C:\\xampp\\htdocs\\hostel_manage\\vendor\\laravel\\framework\\src\\Illuminate\\Queue\\Console\\WorkCommand.php(112): Illuminate\\Queue\\Worker->daemon(\'database\', \'default\', Object(Illuminate\\Queue\\WorkerOptions))\n#29 C:\\xampp\\htdocs\\hostel_manage\\vendor\\laravel\\framework\\src\\Illuminate\\Queue\\Console\\WorkCommand.php(96): Illuminate\\Queue\\Console\\WorkCommand->runWorker(\'database\', \'default\')\n#30 C:\\xampp\\htdocs\\hostel_manage\\vendor\\laravel\\framework\\src\\Illuminate\\Container\\BoundMethod.php(36): Illuminate\\Queue\\Console\\WorkCommand->handle()\n#31 C:\\xampp\\htdocs\\hostel_manage\\vendor\\laravel\\framework\\src\\Illuminate\\Container\\Util.php(37): Illuminate\\Container\\BoundMethod::Illuminate\\Container\\{closure}()\n#32 C:\\xampp\\htdocs\\hostel_manage\\vendor\\laravel\\framework\\src\\Illuminate\\Container\\BoundMethod.php(93): Illuminate\\Container\\Util::unwrapIfClosure(Object(Closure))\n#33 C:\\xampp\\htdocs\\hostel_manage\\vendor\\laravel\\framework\\src\\Illuminate\\Container\\BoundMethod.php(37): Illuminate\\Container\\BoundMethod::callBoundMethod(Object(Illuminate\\Foundation\\Application), Array, Object(Closure))\n#34 C:\\xampp\\htdocs\\hostel_manage\\vendor\\laravel\\framework\\src\\Illuminate\\Container\\Container.php(596): Illuminate\\Container\\BoundMethod::call(Object(Illuminate\\Foundation\\Application), Array, Array, NULL)\n#35 C:\\xampp\\htdocs\\hostel_manage\\vendor\\laravel\\framework\\src\\Illuminate\\Console\\Command.php(134): Illuminate\\Container\\Container->call(Array)\n#36 C:\\xampp\\htdocs\\hostel_manage\\vendor\\symfony\\console\\Command\\Command.php(298): Illuminate\\Console\\Command->execute(Object(Symfony\\Component\\Console\\Input\\ArgvInput), Object(Illuminate\\Console\\OutputStyle))\n#37 C:\\xampp\\htdocs\\hostel_manage\\vendor\\laravel\\framework\\src\\Illuminate\\Console\\Command.php(121): Symfony\\Component\\Console\\Command\\Command->run(Object(Symfony\\Component\\Console\\Input\\ArgvInput), Object(Illuminate\\Console\\OutputStyle))\n#38 C:\\xampp\\htdocs\\hostel_manage\\vendor\\symfony\\console\\Application.php(1005): Illuminate\\Console\\Command->run(Object(Symfony\\Component\\Console\\Input\\ArgvInput), Object(Symfony\\Component\\Console\\Output\\ConsoleOutput))\n#39 C:\\xampp\\htdocs\\hostel_manage\\vendor\\symfony\\console\\Application.php(299): Symfony\\Component\\Console\\Application->doRunCommand(Object(Illuminate\\Queue\\Console\\WorkCommand), Object(Symfony\\Component\\Console\\Input\\ArgvInput), Object(Symfony\\Component\\Console\\Output\\ConsoleOutput))\n#40 C:\\xampp\\htdocs\\hostel_manage\\vendor\\symfony\\console\\Application.php(171): Symfony\\Component\\Console\\Application->doRun(Object(Symfony\\Component\\Console\\Input\\ArgvInput), Object(Symfony\\Component\\Console\\Output\\ConsoleOutput))\n#41 C:\\xampp\\htdocs\\hostel_manage\\vendor\\laravel\\framework\\src\\Illuminate\\Console\\Application.php(93): Symfony\\Component\\Console\\Application->run(Object(Symfony\\Component\\Console\\Input\\ArgvInput), Object(Symfony\\Component\\Console\\Output\\ConsoleOutput))\n#42 C:\\xampp\\htdocs\\hostel_manage\\vendor\\laravel\\framework\\src\\Illuminate\\Foundation\\Console\\Kernel.php(129): Illuminate\\Console\\Application->run(Object(Symfony\\Component\\Console\\Input\\ArgvInput), Object(Symfony\\Component\\Console\\Output\\ConsoleOutput))\n#43 C:\\xampp\\htdocs\\hostel_manage\\artisan(37): Illuminate\\Foundation\\Console\\Kernel->handle(Object(Symfony\\Component\\Console\\Input\\ArgvInput), Object(Symfony\\Component\\Console\\Output\\ConsoleOutput))\n#44 {main}', '2022-01-13 11:51:47'),
(3, 'database', 'default', '{\"uuid\":\"4f467f6c-957a-4941-a8b8-45029c6944ee\",\"displayName\":\"App\\\\Mail\\\\MailEngine\",\"job\":\"Illuminate\\\\Queue\\\\CallQueuedHandler@call\",\"maxTries\":null,\"maxExceptions\":null,\"delay\":null,\"timeout\":null,\"timeoutAt\":null,\"data\":{\"commandName\":\"Illuminate\\\\Mail\\\\SendQueuedMailable\",\"command\":\"O:34:\\\"Illuminate\\\\Mail\\\\SendQueuedMailable\\\":3:{s:8:\\\"mailable\\\";O:19:\\\"App\\\\Mail\\\\MailEngine\\\":26:{s:4:\\\"data\\\";a:3:{s:9:\\\"recipient\\\";s:22:\\\"2019ucp1429@mnit.ac.in\\\";s:7:\\\"subject\\\";N;s:7:\\\"message\\\";N;}s:6:\\\"locale\\\";N;s:4:\\\"from\\\";a:0:{}s:2:\\\"to\\\";a:1:{i:0;a:2:{s:4:\\\"name\\\";N;s:7:\\\"address\\\";s:22:\\\"2019ucp1429@mnit.ac.in\\\";}}s:2:\\\"cc\\\";a:0:{}s:3:\\\"bcc\\\";a:0:{}s:7:\\\"replyTo\\\";a:0:{}s:7:\\\"subject\\\";N;s:11:\\\"\\u0000*\\u0000markdown\\\";N;s:7:\\\"\\u0000*\\u0000html\\\";N;s:4:\\\"view\\\";N;s:8:\\\"textView\\\";N;s:8:\\\"viewData\\\";a:0:{}s:11:\\\"attachments\\\";a:0:{}s:14:\\\"rawAttachments\\\";a:0:{}s:15:\\\"diskAttachments\\\";a:0:{}s:9:\\\"callbacks\\\";a:0:{}s:5:\\\"theme\\\";N;s:6:\\\"mailer\\\";s:4:\\\"smtp\\\";s:10:\\\"connection\\\";N;s:5:\\\"queue\\\";N;s:15:\\\"chainConnection\\\";N;s:10:\\\"chainQueue\\\";N;s:5:\\\"delay\\\";N;s:10:\\\"middleware\\\";a:0:{}s:7:\\\"chained\\\";a:0:{}}s:5:\\\"tries\\\";N;s:7:\\\"timeout\\\";N;}\"}}', 'ErrorException: Trying to get property \'name\' of non-object in C:\\xampp\\htdocs\\hostel_manage\\app\\Mail\\MailEngine.php:34\nStack trace:\n#0 C:\\xampp\\htdocs\\hostel_manage\\app\\Mail\\MailEngine.php(34): Illuminate\\Foundation\\Bootstrap\\HandleExceptions->handleError(8, \'Trying to get p...\', \'C:\\\\xampp\\\\htdocs...\', 34, Array)\n#1 C:\\xampp\\htdocs\\hostel_manage\\vendor\\laravel\\framework\\src\\Illuminate\\Container\\BoundMethod.php(36): App\\Mail\\MailEngine->build()\n#2 C:\\xampp\\htdocs\\hostel_manage\\vendor\\laravel\\framework\\src\\Illuminate\\Container\\Util.php(37): Illuminate\\Container\\BoundMethod::Illuminate\\Container\\{closure}()\n#3 C:\\xampp\\htdocs\\hostel_manage\\vendor\\laravel\\framework\\src\\Illuminate\\Container\\BoundMethod.php(93): Illuminate\\Container\\Util::unwrapIfClosure(Object(Closure))\n#4 C:\\xampp\\htdocs\\hostel_manage\\vendor\\laravel\\framework\\src\\Illuminate\\Container\\BoundMethod.php(37): Illuminate\\Container\\BoundMethod::callBoundMethod(Object(Illuminate\\Foundation\\Application), Array, Object(Closure))\n#5 C:\\xampp\\htdocs\\hostel_manage\\vendor\\laravel\\framework\\src\\Illuminate\\Container\\Container.php(596): Illuminate\\Container\\BoundMethod::call(Object(Illuminate\\Foundation\\Application), Array, Array, NULL)\n#6 C:\\xampp\\htdocs\\hostel_manage\\vendor\\laravel\\framework\\src\\Illuminate\\Mail\\Mailable.php(165): Illuminate\\Container\\Container->call(Array)\n#7 C:\\xampp\\htdocs\\hostel_manage\\vendor\\laravel\\framework\\src\\Illuminate\\Support\\Traits\\Localizable.php(19): Illuminate\\Mail\\Mailable->Illuminate\\Mail\\{closure}()\n#8 C:\\xampp\\htdocs\\hostel_manage\\vendor\\laravel\\framework\\src\\Illuminate\\Mail\\Mailable.php(178): Illuminate\\Mail\\Mailable->withLocale(NULL, Object(Closure))\n#9 C:\\xampp\\htdocs\\hostel_manage\\vendor\\laravel\\framework\\src\\Illuminate\\Mail\\SendQueuedMailable.php(52): Illuminate\\Mail\\Mailable->send(Object(Illuminate\\Mail\\MailManager))\n#10 C:\\xampp\\htdocs\\hostel_manage\\vendor\\laravel\\framework\\src\\Illuminate\\Container\\BoundMethod.php(36): Illuminate\\Mail\\SendQueuedMailable->handle(Object(Illuminate\\Mail\\MailManager))\n#11 C:\\xampp\\htdocs\\hostel_manage\\vendor\\laravel\\framework\\src\\Illuminate\\Container\\Util.php(37): Illuminate\\Container\\BoundMethod::Illuminate\\Container\\{closure}()\n#12 C:\\xampp\\htdocs\\hostel_manage\\vendor\\laravel\\framework\\src\\Illuminate\\Container\\BoundMethod.php(93): Illuminate\\Container\\Util::unwrapIfClosure(Object(Closure))\n#13 C:\\xampp\\htdocs\\hostel_manage\\vendor\\laravel\\framework\\src\\Illuminate\\Container\\BoundMethod.php(37): Illuminate\\Container\\BoundMethod::callBoundMethod(Object(Illuminate\\Foundation\\Application), Array, Object(Closure))\n#14 C:\\xampp\\htdocs\\hostel_manage\\vendor\\laravel\\framework\\src\\Illuminate\\Container\\Container.php(596): Illuminate\\Container\\BoundMethod::call(Object(Illuminate\\Foundation\\Application), Array, Array, NULL)\n#15 C:\\xampp\\htdocs\\hostel_manage\\vendor\\laravel\\framework\\src\\Illuminate\\Bus\\Dispatcher.php(94): Illuminate\\Container\\Container->call(Array)\n#16 C:\\xampp\\htdocs\\hostel_manage\\vendor\\laravel\\framework\\src\\Illuminate\\Pipeline\\Pipeline.php(128): Illuminate\\Bus\\Dispatcher->Illuminate\\Bus\\{closure}(Object(Illuminate\\Mail\\SendQueuedMailable))\n#17 C:\\xampp\\htdocs\\hostel_manage\\vendor\\laravel\\framework\\src\\Illuminate\\Pipeline\\Pipeline.php(103): Illuminate\\Pipeline\\Pipeline->Illuminate\\Pipeline\\{closure}(Object(Illuminate\\Mail\\SendQueuedMailable))\n#18 C:\\xampp\\htdocs\\hostel_manage\\vendor\\laravel\\framework\\src\\Illuminate\\Bus\\Dispatcher.php(98): Illuminate\\Pipeline\\Pipeline->then(Object(Closure))\n#19 C:\\xampp\\htdocs\\hostel_manage\\vendor\\laravel\\framework\\src\\Illuminate\\Queue\\CallQueuedHandler.php(83): Illuminate\\Bus\\Dispatcher->dispatchNow(Object(Illuminate\\Mail\\SendQueuedMailable), false)\n#20 C:\\xampp\\htdocs\\hostel_manage\\vendor\\laravel\\framework\\src\\Illuminate\\Pipeline\\Pipeline.php(128): Illuminate\\Queue\\CallQueuedHandler->Illuminate\\Queue\\{closure}(Object(Illuminate\\Mail\\SendQueuedMailable))\n#21 C:\\xampp\\htdocs\\hostel_manage\\vendor\\laravel\\framework\\src\\Illuminate\\Pipeline\\Pipeline.php(103): Illuminate\\Pipeline\\Pipeline->Illuminate\\Pipeline\\{closure}(Object(Illuminate\\Mail\\SendQueuedMailable))\n#22 C:\\xampp\\htdocs\\hostel_manage\\vendor\\laravel\\framework\\src\\Illuminate\\Queue\\CallQueuedHandler.php(85): Illuminate\\Pipeline\\Pipeline->then(Object(Closure))\n#23 C:\\xampp\\htdocs\\hostel_manage\\vendor\\laravel\\framework\\src\\Illuminate\\Queue\\CallQueuedHandler.php(59): Illuminate\\Queue\\CallQueuedHandler->dispatchThroughMiddleware(Object(Illuminate\\Queue\\Jobs\\DatabaseJob), Object(Illuminate\\Mail\\SendQueuedMailable))\n#24 C:\\xampp\\htdocs\\hostel_manage\\vendor\\laravel\\framework\\src\\Illuminate\\Queue\\Jobs\\Job.php(98): Illuminate\\Queue\\CallQueuedHandler->call(Object(Illuminate\\Queue\\Jobs\\DatabaseJob), Array)\n#25 C:\\xampp\\htdocs\\hostel_manage\\vendor\\laravel\\framework\\src\\Illuminate\\Queue\\Worker.php(356): Illuminate\\Queue\\Jobs\\Job->fire()\n#26 C:\\xampp\\htdocs\\hostel_manage\\vendor\\laravel\\framework\\src\\Illuminate\\Queue\\Worker.php(306): Illuminate\\Queue\\Worker->process(\'database\', Object(Illuminate\\Queue\\Jobs\\DatabaseJob), Object(Illuminate\\Queue\\WorkerOptions))\n#27 C:\\xampp\\htdocs\\hostel_manage\\vendor\\laravel\\framework\\src\\Illuminate\\Queue\\Worker.php(132): Illuminate\\Queue\\Worker->runJob(Object(Illuminate\\Queue\\Jobs\\DatabaseJob), \'database\', Object(Illuminate\\Queue\\WorkerOptions))\n#28 C:\\xampp\\htdocs\\hostel_manage\\vendor\\laravel\\framework\\src\\Illuminate\\Queue\\Console\\WorkCommand.php(112): Illuminate\\Queue\\Worker->daemon(\'database\', \'default\', Object(Illuminate\\Queue\\WorkerOptions))\n#29 C:\\xampp\\htdocs\\hostel_manage\\vendor\\laravel\\framework\\src\\Illuminate\\Queue\\Console\\WorkCommand.php(96): Illuminate\\Queue\\Console\\WorkCommand->runWorker(\'database\', \'default\')\n#30 C:\\xampp\\htdocs\\hostel_manage\\vendor\\laravel\\framework\\src\\Illuminate\\Container\\BoundMethod.php(36): Illuminate\\Queue\\Console\\WorkCommand->handle()\n#31 C:\\xampp\\htdocs\\hostel_manage\\vendor\\laravel\\framework\\src\\Illuminate\\Container\\Util.php(37): Illuminate\\Container\\BoundMethod::Illuminate\\Container\\{closure}()\n#32 C:\\xampp\\htdocs\\hostel_manage\\vendor\\laravel\\framework\\src\\Illuminate\\Container\\BoundMethod.php(93): Illuminate\\Container\\Util::unwrapIfClosure(Object(Closure))\n#33 C:\\xampp\\htdocs\\hostel_manage\\vendor\\laravel\\framework\\src\\Illuminate\\Container\\BoundMethod.php(37): Illuminate\\Container\\BoundMethod::callBoundMethod(Object(Illuminate\\Foundation\\Application), Array, Object(Closure))\n#34 C:\\xampp\\htdocs\\hostel_manage\\vendor\\laravel\\framework\\src\\Illuminate\\Container\\Container.php(596): Illuminate\\Container\\BoundMethod::call(Object(Illuminate\\Foundation\\Application), Array, Array, NULL)\n#35 C:\\xampp\\htdocs\\hostel_manage\\vendor\\laravel\\framework\\src\\Illuminate\\Console\\Command.php(134): Illuminate\\Container\\Container->call(Array)\n#36 C:\\xampp\\htdocs\\hostel_manage\\vendor\\symfony\\console\\Command\\Command.php(298): Illuminate\\Console\\Command->execute(Object(Symfony\\Component\\Console\\Input\\ArgvInput), Object(Illuminate\\Console\\OutputStyle))\n#37 C:\\xampp\\htdocs\\hostel_manage\\vendor\\laravel\\framework\\src\\Illuminate\\Console\\Command.php(121): Symfony\\Component\\Console\\Command\\Command->run(Object(Symfony\\Component\\Console\\Input\\ArgvInput), Object(Illuminate\\Console\\OutputStyle))\n#38 C:\\xampp\\htdocs\\hostel_manage\\vendor\\symfony\\console\\Application.php(1005): Illuminate\\Console\\Command->run(Object(Symfony\\Component\\Console\\Input\\ArgvInput), Object(Symfony\\Component\\Console\\Output\\ConsoleOutput))\n#39 C:\\xampp\\htdocs\\hostel_manage\\vendor\\symfony\\console\\Application.php(299): Symfony\\Component\\Console\\Application->doRunCommand(Object(Illuminate\\Queue\\Console\\WorkCommand), Object(Symfony\\Component\\Console\\Input\\ArgvInput), Object(Symfony\\Component\\Console\\Output\\ConsoleOutput))\n#40 C:\\xampp\\htdocs\\hostel_manage\\vendor\\symfony\\console\\Application.php(171): Symfony\\Component\\Console\\Application->doRun(Object(Symfony\\Component\\Console\\Input\\ArgvInput), Object(Symfony\\Component\\Console\\Output\\ConsoleOutput))\n#41 C:\\xampp\\htdocs\\hostel_manage\\vendor\\laravel\\framework\\src\\Illuminate\\Console\\Application.php(93): Symfony\\Component\\Console\\Application->run(Object(Symfony\\Component\\Console\\Input\\ArgvInput), Object(Symfony\\Component\\Console\\Output\\ConsoleOutput))\n#42 C:\\xampp\\htdocs\\hostel_manage\\vendor\\laravel\\framework\\src\\Illuminate\\Foundation\\Console\\Kernel.php(129): Illuminate\\Console\\Application->run(Object(Symfony\\Component\\Console\\Input\\ArgvInput), Object(Symfony\\Component\\Console\\Output\\ConsoleOutput))\n#43 C:\\xampp\\htdocs\\hostel_manage\\artisan(37): Illuminate\\Foundation\\Console\\Kernel->handle(Object(Symfony\\Component\\Console\\Input\\ArgvInput), Object(Symfony\\Component\\Console\\Output\\ConsoleOutput))\n#44 {main}', '2022-01-13 11:52:38'),
(4, 'database', 'default', '{\"uuid\":\"3345040a-43f6-481c-b7a7-539640b98786\",\"displayName\":\"App\\\\Mail\\\\MailEngine\",\"job\":\"Illuminate\\\\Queue\\\\CallQueuedHandler@call\",\"maxTries\":null,\"maxExceptions\":null,\"delay\":null,\"timeout\":null,\"timeoutAt\":null,\"data\":{\"commandName\":\"Illuminate\\\\Mail\\\\SendQueuedMailable\",\"command\":\"O:34:\\\"Illuminate\\\\Mail\\\\SendQueuedMailable\\\":3:{s:8:\\\"mailable\\\";O:19:\\\"App\\\\Mail\\\\MailEngine\\\":26:{s:4:\\\"data\\\";a:4:{s:9:\\\"recipient\\\";s:22:\\\"2019ucp1429@mnit.ac.in\\\";s:7:\\\"subject\\\";N;s:7:\\\"message\\\";N;s:9:\\\"user_name\\\";s:13:\\\"Bangali Nillu\\\";}s:6:\\\"locale\\\";N;s:4:\\\"from\\\";a:0:{}s:2:\\\"to\\\";a:1:{i:0;a:2:{s:4:\\\"name\\\";N;s:7:\\\"address\\\";s:22:\\\"2019ucp1429@mnit.ac.in\\\";}}s:2:\\\"cc\\\";a:0:{}s:3:\\\"bcc\\\";a:0:{}s:7:\\\"replyTo\\\";a:0:{}s:7:\\\"subject\\\";N;s:11:\\\"\\u0000*\\u0000markdown\\\";N;s:7:\\\"\\u0000*\\u0000html\\\";N;s:4:\\\"view\\\";N;s:8:\\\"textView\\\";N;s:8:\\\"viewData\\\";a:0:{}s:11:\\\"attachments\\\";a:0:{}s:14:\\\"rawAttachments\\\";a:0:{}s:15:\\\"diskAttachments\\\";a:0:{}s:9:\\\"callbacks\\\";a:0:{}s:5:\\\"theme\\\";N;s:6:\\\"mailer\\\";s:4:\\\"smtp\\\";s:10:\\\"connection\\\";N;s:5:\\\"queue\\\";N;s:15:\\\"chainConnection\\\";N;s:10:\\\"chainQueue\\\";N;s:5:\\\"delay\\\";N;s:10:\\\"middleware\\\";a:0:{}s:7:\\\"chained\\\";a:0:{}}s:5:\\\"tries\\\";N;s:7:\\\"timeout\\\";N;}\"}}', 'ErrorException: Trying to get property \'name\' of non-object in C:\\xampp\\htdocs\\hostel_manage\\app\\Mail\\MailEngine.php:34\nStack trace:\n#0 C:\\xampp\\htdocs\\hostel_manage\\app\\Mail\\MailEngine.php(34): Illuminate\\Foundation\\Bootstrap\\HandleExceptions->handleError(8, \'Trying to get p...\', \'C:\\\\xampp\\\\htdocs...\', 34, Array)\n#1 C:\\xampp\\htdocs\\hostel_manage\\vendor\\laravel\\framework\\src\\Illuminate\\Container\\BoundMethod.php(36): App\\Mail\\MailEngine->build()\n#2 C:\\xampp\\htdocs\\hostel_manage\\vendor\\laravel\\framework\\src\\Illuminate\\Container\\Util.php(37): Illuminate\\Container\\BoundMethod::Illuminate\\Container\\{closure}()\n#3 C:\\xampp\\htdocs\\hostel_manage\\vendor\\laravel\\framework\\src\\Illuminate\\Container\\BoundMethod.php(93): Illuminate\\Container\\Util::unwrapIfClosure(Object(Closure))\n#4 C:\\xampp\\htdocs\\hostel_manage\\vendor\\laravel\\framework\\src\\Illuminate\\Container\\BoundMethod.php(37): Illuminate\\Container\\BoundMethod::callBoundMethod(Object(Illuminate\\Foundation\\Application), Array, Object(Closure))\n#5 C:\\xampp\\htdocs\\hostel_manage\\vendor\\laravel\\framework\\src\\Illuminate\\Container\\Container.php(596): Illuminate\\Container\\BoundMethod::call(Object(Illuminate\\Foundation\\Application), Array, Array, NULL)\n#6 C:\\xampp\\htdocs\\hostel_manage\\vendor\\laravel\\framework\\src\\Illuminate\\Mail\\Mailable.php(165): Illuminate\\Container\\Container->call(Array)\n#7 C:\\xampp\\htdocs\\hostel_manage\\vendor\\laravel\\framework\\src\\Illuminate\\Support\\Traits\\Localizable.php(19): Illuminate\\Mail\\Mailable->Illuminate\\Mail\\{closure}()\n#8 C:\\xampp\\htdocs\\hostel_manage\\vendor\\laravel\\framework\\src\\Illuminate\\Mail\\Mailable.php(178): Illuminate\\Mail\\Mailable->withLocale(NULL, Object(Closure))\n#9 C:\\xampp\\htdocs\\hostel_manage\\vendor\\laravel\\framework\\src\\Illuminate\\Mail\\SendQueuedMailable.php(52): Illuminate\\Mail\\Mailable->send(Object(Illuminate\\Mail\\MailManager))\n#10 C:\\xampp\\htdocs\\hostel_manage\\vendor\\laravel\\framework\\src\\Illuminate\\Container\\BoundMethod.php(36): Illuminate\\Mail\\SendQueuedMailable->handle(Object(Illuminate\\Mail\\MailManager))\n#11 C:\\xampp\\htdocs\\hostel_manage\\vendor\\laravel\\framework\\src\\Illuminate\\Container\\Util.php(37): Illuminate\\Container\\BoundMethod::Illuminate\\Container\\{closure}()\n#12 C:\\xampp\\htdocs\\hostel_manage\\vendor\\laravel\\framework\\src\\Illuminate\\Container\\BoundMethod.php(93): Illuminate\\Container\\Util::unwrapIfClosure(Object(Closure))\n#13 C:\\xampp\\htdocs\\hostel_manage\\vendor\\laravel\\framework\\src\\Illuminate\\Container\\BoundMethod.php(37): Illuminate\\Container\\BoundMethod::callBoundMethod(Object(Illuminate\\Foundation\\Application), Array, Object(Closure))\n#14 C:\\xampp\\htdocs\\hostel_manage\\vendor\\laravel\\framework\\src\\Illuminate\\Container\\Container.php(596): Illuminate\\Container\\BoundMethod::call(Object(Illuminate\\Foundation\\Application), Array, Array, NULL)\n#15 C:\\xampp\\htdocs\\hostel_manage\\vendor\\laravel\\framework\\src\\Illuminate\\Bus\\Dispatcher.php(94): Illuminate\\Container\\Container->call(Array)\n#16 C:\\xampp\\htdocs\\hostel_manage\\vendor\\laravel\\framework\\src\\Illuminate\\Pipeline\\Pipeline.php(128): Illuminate\\Bus\\Dispatcher->Illuminate\\Bus\\{closure}(Object(Illuminate\\Mail\\SendQueuedMailable))\n#17 C:\\xampp\\htdocs\\hostel_manage\\vendor\\laravel\\framework\\src\\Illuminate\\Pipeline\\Pipeline.php(103): Illuminate\\Pipeline\\Pipeline->Illuminate\\Pipeline\\{closure}(Object(Illuminate\\Mail\\SendQueuedMailable))\n#18 C:\\xampp\\htdocs\\hostel_manage\\vendor\\laravel\\framework\\src\\Illuminate\\Bus\\Dispatcher.php(98): Illuminate\\Pipeline\\Pipeline->then(Object(Closure))\n#19 C:\\xampp\\htdocs\\hostel_manage\\vendor\\laravel\\framework\\src\\Illuminate\\Queue\\CallQueuedHandler.php(83): Illuminate\\Bus\\Dispatcher->dispatchNow(Object(Illuminate\\Mail\\SendQueuedMailable), false)\n#20 C:\\xampp\\htdocs\\hostel_manage\\vendor\\laravel\\framework\\src\\Illuminate\\Pipeline\\Pipeline.php(128): Illuminate\\Queue\\CallQueuedHandler->Illuminate\\Queue\\{closure}(Object(Illuminate\\Mail\\SendQueuedMailable))\n#21 C:\\xampp\\htdocs\\hostel_manage\\vendor\\laravel\\framework\\src\\Illuminate\\Pipeline\\Pipeline.php(103): Illuminate\\Pipeline\\Pipeline->Illuminate\\Pipeline\\{closure}(Object(Illuminate\\Mail\\SendQueuedMailable))\n#22 C:\\xampp\\htdocs\\hostel_manage\\vendor\\laravel\\framework\\src\\Illuminate\\Queue\\CallQueuedHandler.php(85): Illuminate\\Pipeline\\Pipeline->then(Object(Closure))\n#23 C:\\xampp\\htdocs\\hostel_manage\\vendor\\laravel\\framework\\src\\Illuminate\\Queue\\CallQueuedHandler.php(59): Illuminate\\Queue\\CallQueuedHandler->dispatchThroughMiddleware(Object(Illuminate\\Queue\\Jobs\\DatabaseJob), Object(Illuminate\\Mail\\SendQueuedMailable))\n#24 C:\\xampp\\htdocs\\hostel_manage\\vendor\\laravel\\framework\\src\\Illuminate\\Queue\\Jobs\\Job.php(98): Illuminate\\Queue\\CallQueuedHandler->call(Object(Illuminate\\Queue\\Jobs\\DatabaseJob), Array)\n#25 C:\\xampp\\htdocs\\hostel_manage\\vendor\\laravel\\framework\\src\\Illuminate\\Queue\\Worker.php(356): Illuminate\\Queue\\Jobs\\Job->fire()\n#26 C:\\xampp\\htdocs\\hostel_manage\\vendor\\laravel\\framework\\src\\Illuminate\\Queue\\Worker.php(306): Illuminate\\Queue\\Worker->process(\'database\', Object(Illuminate\\Queue\\Jobs\\DatabaseJob), Object(Illuminate\\Queue\\WorkerOptions))\n#27 C:\\xampp\\htdocs\\hostel_manage\\vendor\\laravel\\framework\\src\\Illuminate\\Queue\\Worker.php(132): Illuminate\\Queue\\Worker->runJob(Object(Illuminate\\Queue\\Jobs\\DatabaseJob), \'database\', Object(Illuminate\\Queue\\WorkerOptions))\n#28 C:\\xampp\\htdocs\\hostel_manage\\vendor\\laravel\\framework\\src\\Illuminate\\Queue\\Console\\WorkCommand.php(112): Illuminate\\Queue\\Worker->daemon(\'database\', \'default\', Object(Illuminate\\Queue\\WorkerOptions))\n#29 C:\\xampp\\htdocs\\hostel_manage\\vendor\\laravel\\framework\\src\\Illuminate\\Queue\\Console\\WorkCommand.php(96): Illuminate\\Queue\\Console\\WorkCommand->runWorker(\'database\', \'default\')\n#30 C:\\xampp\\htdocs\\hostel_manage\\vendor\\laravel\\framework\\src\\Illuminate\\Container\\BoundMethod.php(36): Illuminate\\Queue\\Console\\WorkCommand->handle()\n#31 C:\\xampp\\htdocs\\hostel_manage\\vendor\\laravel\\framework\\src\\Illuminate\\Container\\Util.php(37): Illuminate\\Container\\BoundMethod::Illuminate\\Container\\{closure}()\n#32 C:\\xampp\\htdocs\\hostel_manage\\vendor\\laravel\\framework\\src\\Illuminate\\Container\\BoundMethod.php(93): Illuminate\\Container\\Util::unwrapIfClosure(Object(Closure))\n#33 C:\\xampp\\htdocs\\hostel_manage\\vendor\\laravel\\framework\\src\\Illuminate\\Container\\BoundMethod.php(37): Illuminate\\Container\\BoundMethod::callBoundMethod(Object(Illuminate\\Foundation\\Application), Array, Object(Closure))\n#34 C:\\xampp\\htdocs\\hostel_manage\\vendor\\laravel\\framework\\src\\Illuminate\\Container\\Container.php(596): Illuminate\\Container\\BoundMethod::call(Object(Illuminate\\Foundation\\Application), Array, Array, NULL)\n#35 C:\\xampp\\htdocs\\hostel_manage\\vendor\\laravel\\framework\\src\\Illuminate\\Console\\Command.php(134): Illuminate\\Container\\Container->call(Array)\n#36 C:\\xampp\\htdocs\\hostel_manage\\vendor\\symfony\\console\\Command\\Command.php(298): Illuminate\\Console\\Command->execute(Object(Symfony\\Component\\Console\\Input\\ArgvInput), Object(Illuminate\\Console\\OutputStyle))\n#37 C:\\xampp\\htdocs\\hostel_manage\\vendor\\laravel\\framework\\src\\Illuminate\\Console\\Command.php(121): Symfony\\Component\\Console\\Command\\Command->run(Object(Symfony\\Component\\Console\\Input\\ArgvInput), Object(Illuminate\\Console\\OutputStyle))\n#38 C:\\xampp\\htdocs\\hostel_manage\\vendor\\symfony\\console\\Application.php(1005): Illuminate\\Console\\Command->run(Object(Symfony\\Component\\Console\\Input\\ArgvInput), Object(Symfony\\Component\\Console\\Output\\ConsoleOutput))\n#39 C:\\xampp\\htdocs\\hostel_manage\\vendor\\symfony\\console\\Application.php(299): Symfony\\Component\\Console\\Application->doRunCommand(Object(Illuminate\\Queue\\Console\\WorkCommand), Object(Symfony\\Component\\Console\\Input\\ArgvInput), Object(Symfony\\Component\\Console\\Output\\ConsoleOutput))\n#40 C:\\xampp\\htdocs\\hostel_manage\\vendor\\symfony\\console\\Application.php(171): Symfony\\Component\\Console\\Application->doRun(Object(Symfony\\Component\\Console\\Input\\ArgvInput), Object(Symfony\\Component\\Console\\Output\\ConsoleOutput))\n#41 C:\\xampp\\htdocs\\hostel_manage\\vendor\\laravel\\framework\\src\\Illuminate\\Console\\Application.php(93): Symfony\\Component\\Console\\Application->run(Object(Symfony\\Component\\Console\\Input\\ArgvInput), Object(Symfony\\Component\\Console\\Output\\ConsoleOutput))\n#42 C:\\xampp\\htdocs\\hostel_manage\\vendor\\laravel\\framework\\src\\Illuminate\\Foundation\\Console\\Kernel.php(129): Illuminate\\Console\\Application->run(Object(Symfony\\Component\\Console\\Input\\ArgvInput), Object(Symfony\\Component\\Console\\Output\\ConsoleOutput))\n#43 C:\\xampp\\htdocs\\hostel_manage\\artisan(37): Illuminate\\Foundation\\Console\\Kernel->handle(Object(Symfony\\Component\\Console\\Input\\ArgvInput), Object(Symfony\\Component\\Console\\Output\\ConsoleOutput))\n#44 {main}', '2022-01-13 11:56:00');
INSERT INTO `failed_jobs` (`id`, `connection`, `queue`, `payload`, `exception`, `failed_at`) VALUES
(5, 'database', 'default', '{\"uuid\":\"8733f301-ab0a-425d-b3d5-7bb62902d403\",\"displayName\":\"App\\\\Mail\\\\MailEngine\",\"job\":\"Illuminate\\\\Queue\\\\CallQueuedHandler@call\",\"maxTries\":null,\"maxExceptions\":null,\"delay\":null,\"timeout\":null,\"timeoutAt\":null,\"data\":{\"commandName\":\"Illuminate\\\\Mail\\\\SendQueuedMailable\",\"command\":\"O:34:\\\"Illuminate\\\\Mail\\\\SendQueuedMailable\\\":3:{s:8:\\\"mailable\\\";O:19:\\\"App\\\\Mail\\\\MailEngine\\\":26:{s:4:\\\"data\\\";a:4:{s:9:\\\"recipient\\\";s:22:\\\"2019ucp1429@mnit.ac.in\\\";s:7:\\\"subject\\\";N;s:7:\\\"message\\\";N;s:9:\\\"user_name\\\";s:13:\\\"Bangali Nillu\\\";}s:6:\\\"locale\\\";N;s:4:\\\"from\\\";a:0:{}s:2:\\\"to\\\";a:1:{i:0;a:2:{s:4:\\\"name\\\";N;s:7:\\\"address\\\";s:22:\\\"2019ucp1429@mnit.ac.in\\\";}}s:2:\\\"cc\\\";a:0:{}s:3:\\\"bcc\\\";a:0:{}s:7:\\\"replyTo\\\";a:0:{}s:7:\\\"subject\\\";N;s:11:\\\"\\u0000*\\u0000markdown\\\";N;s:7:\\\"\\u0000*\\u0000html\\\";N;s:4:\\\"view\\\";N;s:8:\\\"textView\\\";N;s:8:\\\"viewData\\\";a:0:{}s:11:\\\"attachments\\\";a:0:{}s:14:\\\"rawAttachments\\\";a:0:{}s:15:\\\"diskAttachments\\\";a:0:{}s:9:\\\"callbacks\\\";a:0:{}s:5:\\\"theme\\\";N;s:6:\\\"mailer\\\";s:4:\\\"smtp\\\";s:10:\\\"connection\\\";N;s:5:\\\"queue\\\";N;s:15:\\\"chainConnection\\\";N;s:10:\\\"chainQueue\\\";N;s:5:\\\"delay\\\";N;s:10:\\\"middleware\\\";a:0:{}s:7:\\\"chained\\\";a:0:{}}s:5:\\\"tries\\\";N;s:7:\\\"timeout\\\";N;}\"}}', 'InvalidArgumentException: View [mail_template] not found. in C:\\xampp\\htdocs\\hostel_manage\\vendor\\laravel\\framework\\src\\Illuminate\\View\\FileViewFinder.php:137\nStack trace:\n#0 C:\\xampp\\htdocs\\hostel_manage\\vendor\\laravel\\framework\\src\\Illuminate\\View\\FileViewFinder.php(79): Illuminate\\View\\FileViewFinder->findInPaths(\'mail_template\', Array)\n#1 C:\\xampp\\htdocs\\hostel_manage\\vendor\\laravel\\framework\\src\\Illuminate\\View\\Factory.php(138): Illuminate\\View\\FileViewFinder->find(\'mail_template\')\n#2 C:\\xampp\\htdocs\\hostel_manage\\vendor\\laravel\\framework\\src\\Illuminate\\Mail\\Markdown.php(64): Illuminate\\View\\Factory->make(\'mail_template\', Array)\n#3 C:\\xampp\\htdocs\\hostel_manage\\vendor\\laravel\\framework\\src\\Illuminate\\Mail\\Mailable.php(295): Illuminate\\Mail\\Markdown->render(\'mail_template\', Array)\n#4 C:\\xampp\\htdocs\\hostel_manage\\vendor\\laravel\\framework\\src\\Illuminate\\Mail\\Mailable.php(265): Illuminate\\Mail\\Mailable->buildMarkdownView()\n#5 C:\\xampp\\htdocs\\hostel_manage\\vendor\\laravel\\framework\\src\\Illuminate\\Mail\\Mailable.php(171): Illuminate\\Mail\\Mailable->buildView()\n#6 C:\\xampp\\htdocs\\hostel_manage\\vendor\\laravel\\framework\\src\\Illuminate\\Support\\Traits\\Localizable.php(19): Illuminate\\Mail\\Mailable->Illuminate\\Mail\\{closure}()\n#7 C:\\xampp\\htdocs\\hostel_manage\\vendor\\laravel\\framework\\src\\Illuminate\\Mail\\Mailable.php(178): Illuminate\\Mail\\Mailable->withLocale(NULL, Object(Closure))\n#8 C:\\xampp\\htdocs\\hostel_manage\\vendor\\laravel\\framework\\src\\Illuminate\\Mail\\SendQueuedMailable.php(52): Illuminate\\Mail\\Mailable->send(Object(Illuminate\\Mail\\MailManager))\n#9 C:\\xampp\\htdocs\\hostel_manage\\vendor\\laravel\\framework\\src\\Illuminate\\Container\\BoundMethod.php(36): Illuminate\\Mail\\SendQueuedMailable->handle(Object(Illuminate\\Mail\\MailManager))\n#10 C:\\xampp\\htdocs\\hostel_manage\\vendor\\laravel\\framework\\src\\Illuminate\\Container\\Util.php(37): Illuminate\\Container\\BoundMethod::Illuminate\\Container\\{closure}()\n#11 C:\\xampp\\htdocs\\hostel_manage\\vendor\\laravel\\framework\\src\\Illuminate\\Container\\BoundMethod.php(93): Illuminate\\Container\\Util::unwrapIfClosure(Object(Closure))\n#12 C:\\xampp\\htdocs\\hostel_manage\\vendor\\laravel\\framework\\src\\Illuminate\\Container\\BoundMethod.php(37): Illuminate\\Container\\BoundMethod::callBoundMethod(Object(Illuminate\\Foundation\\Application), Array, Object(Closure))\n#13 C:\\xampp\\htdocs\\hostel_manage\\vendor\\laravel\\framework\\src\\Illuminate\\Container\\Container.php(596): Illuminate\\Container\\BoundMethod::call(Object(Illuminate\\Foundation\\Application), Array, Array, NULL)\n#14 C:\\xampp\\htdocs\\hostel_manage\\vendor\\laravel\\framework\\src\\Illuminate\\Bus\\Dispatcher.php(94): Illuminate\\Container\\Container->call(Array)\n#15 C:\\xampp\\htdocs\\hostel_manage\\vendor\\laravel\\framework\\src\\Illuminate\\Pipeline\\Pipeline.php(128): Illuminate\\Bus\\Dispatcher->Illuminate\\Bus\\{closure}(Object(Illuminate\\Mail\\SendQueuedMailable))\n#16 C:\\xampp\\htdocs\\hostel_manage\\vendor\\laravel\\framework\\src\\Illuminate\\Pipeline\\Pipeline.php(103): Illuminate\\Pipeline\\Pipeline->Illuminate\\Pipeline\\{closure}(Object(Illuminate\\Mail\\SendQueuedMailable))\n#17 C:\\xampp\\htdocs\\hostel_manage\\vendor\\laravel\\framework\\src\\Illuminate\\Bus\\Dispatcher.php(98): Illuminate\\Pipeline\\Pipeline->then(Object(Closure))\n#18 C:\\xampp\\htdocs\\hostel_manage\\vendor\\laravel\\framework\\src\\Illuminate\\Queue\\CallQueuedHandler.php(83): Illuminate\\Bus\\Dispatcher->dispatchNow(Object(Illuminate\\Mail\\SendQueuedMailable), false)\n#19 C:\\xampp\\htdocs\\hostel_manage\\vendor\\laravel\\framework\\src\\Illuminate\\Pipeline\\Pipeline.php(128): Illuminate\\Queue\\CallQueuedHandler->Illuminate\\Queue\\{closure}(Object(Illuminate\\Mail\\SendQueuedMailable))\n#20 C:\\xampp\\htdocs\\hostel_manage\\vendor\\laravel\\framework\\src\\Illuminate\\Pipeline\\Pipeline.php(103): Illuminate\\Pipeline\\Pipeline->Illuminate\\Pipeline\\{closure}(Object(Illuminate\\Mail\\SendQueuedMailable))\n#21 C:\\xampp\\htdocs\\hostel_manage\\vendor\\laravel\\framework\\src\\Illuminate\\Queue\\CallQueuedHandler.php(85): Illuminate\\Pipeline\\Pipeline->then(Object(Closure))\n#22 C:\\xampp\\htdocs\\hostel_manage\\vendor\\laravel\\framework\\src\\Illuminate\\Queue\\CallQueuedHandler.php(59): Illuminate\\Queue\\CallQueuedHandler->dispatchThroughMiddleware(Object(Illuminate\\Queue\\Jobs\\DatabaseJob), Object(Illuminate\\Mail\\SendQueuedMailable))\n#23 C:\\xampp\\htdocs\\hostel_manage\\vendor\\laravel\\framework\\src\\Illuminate\\Queue\\Jobs\\Job.php(98): Illuminate\\Queue\\CallQueuedHandler->call(Object(Illuminate\\Queue\\Jobs\\DatabaseJob), Array)\n#24 C:\\xampp\\htdocs\\hostel_manage\\vendor\\laravel\\framework\\src\\Illuminate\\Queue\\Worker.php(356): Illuminate\\Queue\\Jobs\\Job->fire()\n#25 C:\\xampp\\htdocs\\hostel_manage\\vendor\\laravel\\framework\\src\\Illuminate\\Queue\\Worker.php(306): Illuminate\\Queue\\Worker->process(\'database\', Object(Illuminate\\Queue\\Jobs\\DatabaseJob), Object(Illuminate\\Queue\\WorkerOptions))\n#26 C:\\xampp\\htdocs\\hostel_manage\\vendor\\laravel\\framework\\src\\Illuminate\\Queue\\Worker.php(132): Illuminate\\Queue\\Worker->runJob(Object(Illuminate\\Queue\\Jobs\\DatabaseJob), \'database\', Object(Illuminate\\Queue\\WorkerOptions))\n#27 C:\\xampp\\htdocs\\hostel_manage\\vendor\\laravel\\framework\\src\\Illuminate\\Queue\\Console\\WorkCommand.php(112): Illuminate\\Queue\\Worker->daemon(\'database\', \'default\', Object(Illuminate\\Queue\\WorkerOptions))\n#28 C:\\xampp\\htdocs\\hostel_manage\\vendor\\laravel\\framework\\src\\Illuminate\\Queue\\Console\\WorkCommand.php(96): Illuminate\\Queue\\Console\\WorkCommand->runWorker(\'database\', \'default\')\n#29 C:\\xampp\\htdocs\\hostel_manage\\vendor\\laravel\\framework\\src\\Illuminate\\Container\\BoundMethod.php(36): Illuminate\\Queue\\Console\\WorkCommand->handle()\n#30 C:\\xampp\\htdocs\\hostel_manage\\vendor\\laravel\\framework\\src\\Illuminate\\Container\\Util.php(37): Illuminate\\Container\\BoundMethod::Illuminate\\Container\\{closure}()\n#31 C:\\xampp\\htdocs\\hostel_manage\\vendor\\laravel\\framework\\src\\Illuminate\\Container\\BoundMethod.php(93): Illuminate\\Container\\Util::unwrapIfClosure(Object(Closure))\n#32 C:\\xampp\\htdocs\\hostel_manage\\vendor\\laravel\\framework\\src\\Illuminate\\Container\\BoundMethod.php(37): Illuminate\\Container\\BoundMethod::callBoundMethod(Object(Illuminate\\Foundation\\Application), Array, Object(Closure))\n#33 C:\\xampp\\htdocs\\hostel_manage\\vendor\\laravel\\framework\\src\\Illuminate\\Container\\Container.php(596): Illuminate\\Container\\BoundMethod::call(Object(Illuminate\\Foundation\\Application), Array, Array, NULL)\n#34 C:\\xampp\\htdocs\\hostel_manage\\vendor\\laravel\\framework\\src\\Illuminate\\Console\\Command.php(134): Illuminate\\Container\\Container->call(Array)\n#35 C:\\xampp\\htdocs\\hostel_manage\\vendor\\symfony\\console\\Command\\Command.php(298): Illuminate\\Console\\Command->execute(Object(Symfony\\Component\\Console\\Input\\ArgvInput), Object(Illuminate\\Console\\OutputStyle))\n#36 C:\\xampp\\htdocs\\hostel_manage\\vendor\\laravel\\framework\\src\\Illuminate\\Console\\Command.php(121): Symfony\\Component\\Console\\Command\\Command->run(Object(Symfony\\Component\\Console\\Input\\ArgvInput), Object(Illuminate\\Console\\OutputStyle))\n#37 C:\\xampp\\htdocs\\hostel_manage\\vendor\\symfony\\console\\Application.php(1005): Illuminate\\Console\\Command->run(Object(Symfony\\Component\\Console\\Input\\ArgvInput), Object(Symfony\\Component\\Console\\Output\\ConsoleOutput))\n#38 C:\\xampp\\htdocs\\hostel_manage\\vendor\\symfony\\console\\Application.php(299): Symfony\\Component\\Console\\Application->doRunCommand(Object(Illuminate\\Queue\\Console\\WorkCommand), Object(Symfony\\Component\\Console\\Input\\ArgvInput), Object(Symfony\\Component\\Console\\Output\\ConsoleOutput))\n#39 C:\\xampp\\htdocs\\hostel_manage\\vendor\\symfony\\console\\Application.php(171): Symfony\\Component\\Console\\Application->doRun(Object(Symfony\\Component\\Console\\Input\\ArgvInput), Object(Symfony\\Component\\Console\\Output\\ConsoleOutput))\n#40 C:\\xampp\\htdocs\\hostel_manage\\vendor\\laravel\\framework\\src\\Illuminate\\Console\\Application.php(93): Symfony\\Component\\Console\\Application->run(Object(Symfony\\Component\\Console\\Input\\ArgvInput), Object(Symfony\\Component\\Console\\Output\\ConsoleOutput))\n#41 C:\\xampp\\htdocs\\hostel_manage\\vendor\\laravel\\framework\\src\\Illuminate\\Foundation\\Console\\Kernel.php(129): Illuminate\\Console\\Application->run(Object(Symfony\\Component\\Console\\Input\\ArgvInput), Object(Symfony\\Component\\Console\\Output\\ConsoleOutput))\n#42 C:\\xampp\\htdocs\\hostel_manage\\artisan(37): Illuminate\\Foundation\\Console\\Kernel->handle(Object(Symfony\\Component\\Console\\Input\\ArgvInput), Object(Symfony\\Component\\Console\\Output\\ConsoleOutput))\n#43 {main}', '2022-01-13 11:57:12'),
(6, 'database', 'default', '{\"uuid\":\"317eb6ab-4bac-4744-b133-2fd2e83a9195\",\"displayName\":\"App\\\\Mail\\\\MailEngine\",\"job\":\"Illuminate\\\\Queue\\\\CallQueuedHandler@call\",\"maxTries\":null,\"maxExceptions\":null,\"delay\":null,\"timeout\":null,\"timeoutAt\":null,\"data\":{\"commandName\":\"Illuminate\\\\Mail\\\\SendQueuedMailable\",\"command\":\"O:34:\\\"Illuminate\\\\Mail\\\\SendQueuedMailable\\\":3:{s:8:\\\"mailable\\\";O:19:\\\"App\\\\Mail\\\\MailEngine\\\":26:{s:4:\\\"data\\\";a:4:{s:9:\\\"recipient\\\";s:22:\\\"2019ucp1429@mnit.ac.in\\\";s:7:\\\"subject\\\";N;s:7:\\\"message\\\";N;s:9:\\\"user_name\\\";s:13:\\\"Bangali Nillu\\\";}s:6:\\\"locale\\\";N;s:4:\\\"from\\\";a:0:{}s:2:\\\"to\\\";a:1:{i:0;a:2:{s:4:\\\"name\\\";N;s:7:\\\"address\\\";s:22:\\\"2019ucp1429@mnit.ac.in\\\";}}s:2:\\\"cc\\\";a:0:{}s:3:\\\"bcc\\\";a:0:{}s:7:\\\"replyTo\\\";a:0:{}s:7:\\\"subject\\\";N;s:11:\\\"\\u0000*\\u0000markdown\\\";N;s:7:\\\"\\u0000*\\u0000html\\\";N;s:4:\\\"view\\\";N;s:8:\\\"textView\\\";N;s:8:\\\"viewData\\\";a:0:{}s:11:\\\"attachments\\\";a:0:{}s:14:\\\"rawAttachments\\\";a:0:{}s:15:\\\"diskAttachments\\\";a:0:{}s:9:\\\"callbacks\\\";a:0:{}s:5:\\\"theme\\\";N;s:6:\\\"mailer\\\";s:4:\\\"smtp\\\";s:10:\\\"connection\\\";N;s:5:\\\"queue\\\";N;s:15:\\\"chainConnection\\\";N;s:10:\\\"chainQueue\\\";N;s:5:\\\"delay\\\";N;s:10:\\\"middleware\\\";a:0:{}s:7:\\\"chained\\\";a:0:{}}s:5:\\\"tries\\\";N;s:7:\\\"timeout\\\";N;}\"}}', 'InvalidArgumentException: View [mail_template] not found. in C:\\xampp\\htdocs\\hostel_manage\\vendor\\laravel\\framework\\src\\Illuminate\\View\\FileViewFinder.php:137\nStack trace:\n#0 C:\\xampp\\htdocs\\hostel_manage\\vendor\\laravel\\framework\\src\\Illuminate\\View\\FileViewFinder.php(79): Illuminate\\View\\FileViewFinder->findInPaths(\'mail_template\', Array)\n#1 C:\\xampp\\htdocs\\hostel_manage\\vendor\\laravel\\framework\\src\\Illuminate\\View\\Factory.php(138): Illuminate\\View\\FileViewFinder->find(\'mail_template\')\n#2 C:\\xampp\\htdocs\\hostel_manage\\vendor\\laravel\\framework\\src\\Illuminate\\Mail\\Markdown.php(64): Illuminate\\View\\Factory->make(\'mail_template\', Array)\n#3 C:\\xampp\\htdocs\\hostel_manage\\vendor\\laravel\\framework\\src\\Illuminate\\Mail\\Mailable.php(295): Illuminate\\Mail\\Markdown->render(\'mail_template\', Array)\n#4 C:\\xampp\\htdocs\\hostel_manage\\vendor\\laravel\\framework\\src\\Illuminate\\Mail\\Mailable.php(265): Illuminate\\Mail\\Mailable->buildMarkdownView()\n#5 C:\\xampp\\htdocs\\hostel_manage\\vendor\\laravel\\framework\\src\\Illuminate\\Mail\\Mailable.php(171): Illuminate\\Mail\\Mailable->buildView()\n#6 C:\\xampp\\htdocs\\hostel_manage\\vendor\\laravel\\framework\\src\\Illuminate\\Support\\Traits\\Localizable.php(19): Illuminate\\Mail\\Mailable->Illuminate\\Mail\\{closure}()\n#7 C:\\xampp\\htdocs\\hostel_manage\\vendor\\laravel\\framework\\src\\Illuminate\\Mail\\Mailable.php(178): Illuminate\\Mail\\Mailable->withLocale(NULL, Object(Closure))\n#8 C:\\xampp\\htdocs\\hostel_manage\\vendor\\laravel\\framework\\src\\Illuminate\\Mail\\SendQueuedMailable.php(52): Illuminate\\Mail\\Mailable->send(Object(Illuminate\\Mail\\MailManager))\n#9 C:\\xampp\\htdocs\\hostel_manage\\vendor\\laravel\\framework\\src\\Illuminate\\Container\\BoundMethod.php(36): Illuminate\\Mail\\SendQueuedMailable->handle(Object(Illuminate\\Mail\\MailManager))\n#10 C:\\xampp\\htdocs\\hostel_manage\\vendor\\laravel\\framework\\src\\Illuminate\\Container\\Util.php(37): Illuminate\\Container\\BoundMethod::Illuminate\\Container\\{closure}()\n#11 C:\\xampp\\htdocs\\hostel_manage\\vendor\\laravel\\framework\\src\\Illuminate\\Container\\BoundMethod.php(93): Illuminate\\Container\\Util::unwrapIfClosure(Object(Closure))\n#12 C:\\xampp\\htdocs\\hostel_manage\\vendor\\laravel\\framework\\src\\Illuminate\\Container\\BoundMethod.php(37): Illuminate\\Container\\BoundMethod::callBoundMethod(Object(Illuminate\\Foundation\\Application), Array, Object(Closure))\n#13 C:\\xampp\\htdocs\\hostel_manage\\vendor\\laravel\\framework\\src\\Illuminate\\Container\\Container.php(596): Illuminate\\Container\\BoundMethod::call(Object(Illuminate\\Foundation\\Application), Array, Array, NULL)\n#14 C:\\xampp\\htdocs\\hostel_manage\\vendor\\laravel\\framework\\src\\Illuminate\\Bus\\Dispatcher.php(94): Illuminate\\Container\\Container->call(Array)\n#15 C:\\xampp\\htdocs\\hostel_manage\\vendor\\laravel\\framework\\src\\Illuminate\\Pipeline\\Pipeline.php(128): Illuminate\\Bus\\Dispatcher->Illuminate\\Bus\\{closure}(Object(Illuminate\\Mail\\SendQueuedMailable))\n#16 C:\\xampp\\htdocs\\hostel_manage\\vendor\\laravel\\framework\\src\\Illuminate\\Pipeline\\Pipeline.php(103): Illuminate\\Pipeline\\Pipeline->Illuminate\\Pipeline\\{closure}(Object(Illuminate\\Mail\\SendQueuedMailable))\n#17 C:\\xampp\\htdocs\\hostel_manage\\vendor\\laravel\\framework\\src\\Illuminate\\Bus\\Dispatcher.php(98): Illuminate\\Pipeline\\Pipeline->then(Object(Closure))\n#18 C:\\xampp\\htdocs\\hostel_manage\\vendor\\laravel\\framework\\src\\Illuminate\\Queue\\CallQueuedHandler.php(83): Illuminate\\Bus\\Dispatcher->dispatchNow(Object(Illuminate\\Mail\\SendQueuedMailable), false)\n#19 C:\\xampp\\htdocs\\hostel_manage\\vendor\\laravel\\framework\\src\\Illuminate\\Pipeline\\Pipeline.php(128): Illuminate\\Queue\\CallQueuedHandler->Illuminate\\Queue\\{closure}(Object(Illuminate\\Mail\\SendQueuedMailable))\n#20 C:\\xampp\\htdocs\\hostel_manage\\vendor\\laravel\\framework\\src\\Illuminate\\Pipeline\\Pipeline.php(103): Illuminate\\Pipeline\\Pipeline->Illuminate\\Pipeline\\{closure}(Object(Illuminate\\Mail\\SendQueuedMailable))\n#21 C:\\xampp\\htdocs\\hostel_manage\\vendor\\laravel\\framework\\src\\Illuminate\\Queue\\CallQueuedHandler.php(85): Illuminate\\Pipeline\\Pipeline->then(Object(Closure))\n#22 C:\\xampp\\htdocs\\hostel_manage\\vendor\\laravel\\framework\\src\\Illuminate\\Queue\\CallQueuedHandler.php(59): Illuminate\\Queue\\CallQueuedHandler->dispatchThroughMiddleware(Object(Illuminate\\Queue\\Jobs\\DatabaseJob), Object(Illuminate\\Mail\\SendQueuedMailable))\n#23 C:\\xampp\\htdocs\\hostel_manage\\vendor\\laravel\\framework\\src\\Illuminate\\Queue\\Jobs\\Job.php(98): Illuminate\\Queue\\CallQueuedHandler->call(Object(Illuminate\\Queue\\Jobs\\DatabaseJob), Array)\n#24 C:\\xampp\\htdocs\\hostel_manage\\vendor\\laravel\\framework\\src\\Illuminate\\Queue\\Worker.php(356): Illuminate\\Queue\\Jobs\\Job->fire()\n#25 C:\\xampp\\htdocs\\hostel_manage\\vendor\\laravel\\framework\\src\\Illuminate\\Queue\\Worker.php(306): Illuminate\\Queue\\Worker->process(\'database\', Object(Illuminate\\Queue\\Jobs\\DatabaseJob), Object(Illuminate\\Queue\\WorkerOptions))\n#26 C:\\xampp\\htdocs\\hostel_manage\\vendor\\laravel\\framework\\src\\Illuminate\\Queue\\Worker.php(132): Illuminate\\Queue\\Worker->runJob(Object(Illuminate\\Queue\\Jobs\\DatabaseJob), \'database\', Object(Illuminate\\Queue\\WorkerOptions))\n#27 C:\\xampp\\htdocs\\hostel_manage\\vendor\\laravel\\framework\\src\\Illuminate\\Queue\\Console\\WorkCommand.php(112): Illuminate\\Queue\\Worker->daemon(\'database\', \'default\', Object(Illuminate\\Queue\\WorkerOptions))\n#28 C:\\xampp\\htdocs\\hostel_manage\\vendor\\laravel\\framework\\src\\Illuminate\\Queue\\Console\\WorkCommand.php(96): Illuminate\\Queue\\Console\\WorkCommand->runWorker(\'database\', \'default\')\n#29 C:\\xampp\\htdocs\\hostel_manage\\vendor\\laravel\\framework\\src\\Illuminate\\Container\\BoundMethod.php(36): Illuminate\\Queue\\Console\\WorkCommand->handle()\n#30 C:\\xampp\\htdocs\\hostel_manage\\vendor\\laravel\\framework\\src\\Illuminate\\Container\\Util.php(37): Illuminate\\Container\\BoundMethod::Illuminate\\Container\\{closure}()\n#31 C:\\xampp\\htdocs\\hostel_manage\\vendor\\laravel\\framework\\src\\Illuminate\\Container\\BoundMethod.php(93): Illuminate\\Container\\Util::unwrapIfClosure(Object(Closure))\n#32 C:\\xampp\\htdocs\\hostel_manage\\vendor\\laravel\\framework\\src\\Illuminate\\Container\\BoundMethod.php(37): Illuminate\\Container\\BoundMethod::callBoundMethod(Object(Illuminate\\Foundation\\Application), Array, Object(Closure))\n#33 C:\\xampp\\htdocs\\hostel_manage\\vendor\\laravel\\framework\\src\\Illuminate\\Container\\Container.php(596): Illuminate\\Container\\BoundMethod::call(Object(Illuminate\\Foundation\\Application), Array, Array, NULL)\n#34 C:\\xampp\\htdocs\\hostel_manage\\vendor\\laravel\\framework\\src\\Illuminate\\Console\\Command.php(134): Illuminate\\Container\\Container->call(Array)\n#35 C:\\xampp\\htdocs\\hostel_manage\\vendor\\symfony\\console\\Command\\Command.php(298): Illuminate\\Console\\Command->execute(Object(Symfony\\Component\\Console\\Input\\ArgvInput), Object(Illuminate\\Console\\OutputStyle))\n#36 C:\\xampp\\htdocs\\hostel_manage\\vendor\\laravel\\framework\\src\\Illuminate\\Console\\Command.php(121): Symfony\\Component\\Console\\Command\\Command->run(Object(Symfony\\Component\\Console\\Input\\ArgvInput), Object(Illuminate\\Console\\OutputStyle))\n#37 C:\\xampp\\htdocs\\hostel_manage\\vendor\\symfony\\console\\Application.php(1005): Illuminate\\Console\\Command->run(Object(Symfony\\Component\\Console\\Input\\ArgvInput), Object(Symfony\\Component\\Console\\Output\\ConsoleOutput))\n#38 C:\\xampp\\htdocs\\hostel_manage\\vendor\\symfony\\console\\Application.php(299): Symfony\\Component\\Console\\Application->doRunCommand(Object(Illuminate\\Queue\\Console\\WorkCommand), Object(Symfony\\Component\\Console\\Input\\ArgvInput), Object(Symfony\\Component\\Console\\Output\\ConsoleOutput))\n#39 C:\\xampp\\htdocs\\hostel_manage\\vendor\\symfony\\console\\Application.php(171): Symfony\\Component\\Console\\Application->doRun(Object(Symfony\\Component\\Console\\Input\\ArgvInput), Object(Symfony\\Component\\Console\\Output\\ConsoleOutput))\n#40 C:\\xampp\\htdocs\\hostel_manage\\vendor\\laravel\\framework\\src\\Illuminate\\Console\\Application.php(93): Symfony\\Component\\Console\\Application->run(Object(Symfony\\Component\\Console\\Input\\ArgvInput), Object(Symfony\\Component\\Console\\Output\\ConsoleOutput))\n#41 C:\\xampp\\htdocs\\hostel_manage\\vendor\\laravel\\framework\\src\\Illuminate\\Foundation\\Console\\Kernel.php(129): Illuminate\\Console\\Application->run(Object(Symfony\\Component\\Console\\Input\\ArgvInput), Object(Symfony\\Component\\Console\\Output\\ConsoleOutput))\n#42 C:\\xampp\\htdocs\\hostel_manage\\artisan(37): Illuminate\\Foundation\\Console\\Kernel->handle(Object(Symfony\\Component\\Console\\Input\\ArgvInput), Object(Symfony\\Component\\Console\\Output\\ConsoleOutput))\n#43 {main}', '2022-01-13 11:57:36'),
(7, 'database', 'default', '{\"uuid\":\"8a14941c-8667-46a6-b0e1-f5ecdd034742\",\"displayName\":\"App\\\\Mail\\\\MailEngine\",\"job\":\"Illuminate\\\\Queue\\\\CallQueuedHandler@call\",\"maxTries\":null,\"maxExceptions\":null,\"delay\":null,\"timeout\":null,\"timeoutAt\":null,\"data\":{\"commandName\":\"Illuminate\\\\Mail\\\\SendQueuedMailable\",\"command\":\"O:34:\\\"Illuminate\\\\Mail\\\\SendQueuedMailable\\\":3:{s:8:\\\"mailable\\\";O:19:\\\"App\\\\Mail\\\\MailEngine\\\":26:{s:4:\\\"data\\\";a:4:{s:9:\\\"recipient\\\";s:22:\\\"2019ucp1429@mnit.ac.in\\\";s:7:\\\"subject\\\";N;s:7:\\\"message\\\";N;s:9:\\\"user_name\\\";s:13:\\\"Bangali Nillu\\\";}s:6:\\\"locale\\\";N;s:4:\\\"from\\\";a:0:{}s:2:\\\"to\\\";a:1:{i:0;a:2:{s:4:\\\"name\\\";N;s:7:\\\"address\\\";s:22:\\\"2019ucp1429@mnit.ac.in\\\";}}s:2:\\\"cc\\\";a:0:{}s:3:\\\"bcc\\\";a:0:{}s:7:\\\"replyTo\\\";a:0:{}s:7:\\\"subject\\\";N;s:11:\\\"\\u0000*\\u0000markdown\\\";N;s:7:\\\"\\u0000*\\u0000html\\\";N;s:4:\\\"view\\\";N;s:8:\\\"textView\\\";N;s:8:\\\"viewData\\\";a:0:{}s:11:\\\"attachments\\\";a:0:{}s:14:\\\"rawAttachments\\\";a:0:{}s:15:\\\"diskAttachments\\\";a:0:{}s:9:\\\"callbacks\\\";a:0:{}s:5:\\\"theme\\\";N;s:6:\\\"mailer\\\";s:4:\\\"smtp\\\";s:10:\\\"connection\\\";N;s:5:\\\"queue\\\";N;s:15:\\\"chainConnection\\\";N;s:10:\\\"chainQueue\\\";N;s:5:\\\"delay\\\";N;s:10:\\\"middleware\\\";a:0:{}s:7:\\\"chained\\\";a:0:{}}s:5:\\\"tries\\\";N;s:7:\\\"timeout\\\";N;}\"}}', 'InvalidArgumentException: View [mail_template] not found. in C:\\xampp\\htdocs\\hostel_manage\\vendor\\laravel\\framework\\src\\Illuminate\\View\\FileViewFinder.php:137\nStack trace:\n#0 C:\\xampp\\htdocs\\hostel_manage\\vendor\\laravel\\framework\\src\\Illuminate\\View\\FileViewFinder.php(79): Illuminate\\View\\FileViewFinder->findInPaths(\'mail_template\', Array)\n#1 C:\\xampp\\htdocs\\hostel_manage\\vendor\\laravel\\framework\\src\\Illuminate\\View\\Factory.php(138): Illuminate\\View\\FileViewFinder->find(\'mail_template\')\n#2 C:\\xampp\\htdocs\\hostel_manage\\vendor\\laravel\\framework\\src\\Illuminate\\Mail\\Markdown.php(64): Illuminate\\View\\Factory->make(\'mail_template\', Array)\n#3 C:\\xampp\\htdocs\\hostel_manage\\vendor\\laravel\\framework\\src\\Illuminate\\Mail\\Mailable.php(295): Illuminate\\Mail\\Markdown->render(\'mail_template\', Array)\n#4 C:\\xampp\\htdocs\\hostel_manage\\vendor\\laravel\\framework\\src\\Illuminate\\Mail\\Mailable.php(265): Illuminate\\Mail\\Mailable->buildMarkdownView()\n#5 C:\\xampp\\htdocs\\hostel_manage\\vendor\\laravel\\framework\\src\\Illuminate\\Mail\\Mailable.php(171): Illuminate\\Mail\\Mailable->buildView()\n#6 C:\\xampp\\htdocs\\hostel_manage\\vendor\\laravel\\framework\\src\\Illuminate\\Support\\Traits\\Localizable.php(19): Illuminate\\Mail\\Mailable->Illuminate\\Mail\\{closure}()\n#7 C:\\xampp\\htdocs\\hostel_manage\\vendor\\laravel\\framework\\src\\Illuminate\\Mail\\Mailable.php(178): Illuminate\\Mail\\Mailable->withLocale(NULL, Object(Closure))\n#8 C:\\xampp\\htdocs\\hostel_manage\\vendor\\laravel\\framework\\src\\Illuminate\\Mail\\SendQueuedMailable.php(52): Illuminate\\Mail\\Mailable->send(Object(Illuminate\\Mail\\MailManager))\n#9 C:\\xampp\\htdocs\\hostel_manage\\vendor\\laravel\\framework\\src\\Illuminate\\Container\\BoundMethod.php(36): Illuminate\\Mail\\SendQueuedMailable->handle(Object(Illuminate\\Mail\\MailManager))\n#10 C:\\xampp\\htdocs\\hostel_manage\\vendor\\laravel\\framework\\src\\Illuminate\\Container\\Util.php(37): Illuminate\\Container\\BoundMethod::Illuminate\\Container\\{closure}()\n#11 C:\\xampp\\htdocs\\hostel_manage\\vendor\\laravel\\framework\\src\\Illuminate\\Container\\BoundMethod.php(93): Illuminate\\Container\\Util::unwrapIfClosure(Object(Closure))\n#12 C:\\xampp\\htdocs\\hostel_manage\\vendor\\laravel\\framework\\src\\Illuminate\\Container\\BoundMethod.php(37): Illuminate\\Container\\BoundMethod::callBoundMethod(Object(Illuminate\\Foundation\\Application), Array, Object(Closure))\n#13 C:\\xampp\\htdocs\\hostel_manage\\vendor\\laravel\\framework\\src\\Illuminate\\Container\\Container.php(596): Illuminate\\Container\\BoundMethod::call(Object(Illuminate\\Foundation\\Application), Array, Array, NULL)\n#14 C:\\xampp\\htdocs\\hostel_manage\\vendor\\laravel\\framework\\src\\Illuminate\\Bus\\Dispatcher.php(94): Illuminate\\Container\\Container->call(Array)\n#15 C:\\xampp\\htdocs\\hostel_manage\\vendor\\laravel\\framework\\src\\Illuminate\\Pipeline\\Pipeline.php(128): Illuminate\\Bus\\Dispatcher->Illuminate\\Bus\\{closure}(Object(Illuminate\\Mail\\SendQueuedMailable))\n#16 C:\\xampp\\htdocs\\hostel_manage\\vendor\\laravel\\framework\\src\\Illuminate\\Pipeline\\Pipeline.php(103): Illuminate\\Pipeline\\Pipeline->Illuminate\\Pipeline\\{closure}(Object(Illuminate\\Mail\\SendQueuedMailable))\n#17 C:\\xampp\\htdocs\\hostel_manage\\vendor\\laravel\\framework\\src\\Illuminate\\Bus\\Dispatcher.php(98): Illuminate\\Pipeline\\Pipeline->then(Object(Closure))\n#18 C:\\xampp\\htdocs\\hostel_manage\\vendor\\laravel\\framework\\src\\Illuminate\\Queue\\CallQueuedHandler.php(83): Illuminate\\Bus\\Dispatcher->dispatchNow(Object(Illuminate\\Mail\\SendQueuedMailable), false)\n#19 C:\\xampp\\htdocs\\hostel_manage\\vendor\\laravel\\framework\\src\\Illuminate\\Pipeline\\Pipeline.php(128): Illuminate\\Queue\\CallQueuedHandler->Illuminate\\Queue\\{closure}(Object(Illuminate\\Mail\\SendQueuedMailable))\n#20 C:\\xampp\\htdocs\\hostel_manage\\vendor\\laravel\\framework\\src\\Illuminate\\Pipeline\\Pipeline.php(103): Illuminate\\Pipeline\\Pipeline->Illuminate\\Pipeline\\{closure}(Object(Illuminate\\Mail\\SendQueuedMailable))\n#21 C:\\xampp\\htdocs\\hostel_manage\\vendor\\laravel\\framework\\src\\Illuminate\\Queue\\CallQueuedHandler.php(85): Illuminate\\Pipeline\\Pipeline->then(Object(Closure))\n#22 C:\\xampp\\htdocs\\hostel_manage\\vendor\\laravel\\framework\\src\\Illuminate\\Queue\\CallQueuedHandler.php(59): Illuminate\\Queue\\CallQueuedHandler->dispatchThroughMiddleware(Object(Illuminate\\Queue\\Jobs\\DatabaseJob), Object(Illuminate\\Mail\\SendQueuedMailable))\n#23 C:\\xampp\\htdocs\\hostel_manage\\vendor\\laravel\\framework\\src\\Illuminate\\Queue\\Jobs\\Job.php(98): Illuminate\\Queue\\CallQueuedHandler->call(Object(Illuminate\\Queue\\Jobs\\DatabaseJob), Array)\n#24 C:\\xampp\\htdocs\\hostel_manage\\vendor\\laravel\\framework\\src\\Illuminate\\Queue\\Worker.php(356): Illuminate\\Queue\\Jobs\\Job->fire()\n#25 C:\\xampp\\htdocs\\hostel_manage\\vendor\\laravel\\framework\\src\\Illuminate\\Queue\\Worker.php(306): Illuminate\\Queue\\Worker->process(\'database\', Object(Illuminate\\Queue\\Jobs\\DatabaseJob), Object(Illuminate\\Queue\\WorkerOptions))\n#26 C:\\xampp\\htdocs\\hostel_manage\\vendor\\laravel\\framework\\src\\Illuminate\\Queue\\Worker.php(132): Illuminate\\Queue\\Worker->runJob(Object(Illuminate\\Queue\\Jobs\\DatabaseJob), \'database\', Object(Illuminate\\Queue\\WorkerOptions))\n#27 C:\\xampp\\htdocs\\hostel_manage\\vendor\\laravel\\framework\\src\\Illuminate\\Queue\\Console\\WorkCommand.php(112): Illuminate\\Queue\\Worker->daemon(\'database\', \'default\', Object(Illuminate\\Queue\\WorkerOptions))\n#28 C:\\xampp\\htdocs\\hostel_manage\\vendor\\laravel\\framework\\src\\Illuminate\\Queue\\Console\\WorkCommand.php(96): Illuminate\\Queue\\Console\\WorkCommand->runWorker(\'database\', \'default\')\n#29 C:\\xampp\\htdocs\\hostel_manage\\vendor\\laravel\\framework\\src\\Illuminate\\Container\\BoundMethod.php(36): Illuminate\\Queue\\Console\\WorkCommand->handle()\n#30 C:\\xampp\\htdocs\\hostel_manage\\vendor\\laravel\\framework\\src\\Illuminate\\Container\\Util.php(37): Illuminate\\Container\\BoundMethod::Illuminate\\Container\\{closure}()\n#31 C:\\xampp\\htdocs\\hostel_manage\\vendor\\laravel\\framework\\src\\Illuminate\\Container\\BoundMethod.php(93): Illuminate\\Container\\Util::unwrapIfClosure(Object(Closure))\n#32 C:\\xampp\\htdocs\\hostel_manage\\vendor\\laravel\\framework\\src\\Illuminate\\Container\\BoundMethod.php(37): Illuminate\\Container\\BoundMethod::callBoundMethod(Object(Illuminate\\Foundation\\Application), Array, Object(Closure))\n#33 C:\\xampp\\htdocs\\hostel_manage\\vendor\\laravel\\framework\\src\\Illuminate\\Container\\Container.php(596): Illuminate\\Container\\BoundMethod::call(Object(Illuminate\\Foundation\\Application), Array, Array, NULL)\n#34 C:\\xampp\\htdocs\\hostel_manage\\vendor\\laravel\\framework\\src\\Illuminate\\Console\\Command.php(134): Illuminate\\Container\\Container->call(Array)\n#35 C:\\xampp\\htdocs\\hostel_manage\\vendor\\symfony\\console\\Command\\Command.php(298): Illuminate\\Console\\Command->execute(Object(Symfony\\Component\\Console\\Input\\ArgvInput), Object(Illuminate\\Console\\OutputStyle))\n#36 C:\\xampp\\htdocs\\hostel_manage\\vendor\\laravel\\framework\\src\\Illuminate\\Console\\Command.php(121): Symfony\\Component\\Console\\Command\\Command->run(Object(Symfony\\Component\\Console\\Input\\ArgvInput), Object(Illuminate\\Console\\OutputStyle))\n#37 C:\\xampp\\htdocs\\hostel_manage\\vendor\\symfony\\console\\Application.php(1005): Illuminate\\Console\\Command->run(Object(Symfony\\Component\\Console\\Input\\ArgvInput), Object(Symfony\\Component\\Console\\Output\\ConsoleOutput))\n#38 C:\\xampp\\htdocs\\hostel_manage\\vendor\\symfony\\console\\Application.php(299): Symfony\\Component\\Console\\Application->doRunCommand(Object(Illuminate\\Queue\\Console\\WorkCommand), Object(Symfony\\Component\\Console\\Input\\ArgvInput), Object(Symfony\\Component\\Console\\Output\\ConsoleOutput))\n#39 C:\\xampp\\htdocs\\hostel_manage\\vendor\\symfony\\console\\Application.php(171): Symfony\\Component\\Console\\Application->doRun(Object(Symfony\\Component\\Console\\Input\\ArgvInput), Object(Symfony\\Component\\Console\\Output\\ConsoleOutput))\n#40 C:\\xampp\\htdocs\\hostel_manage\\vendor\\laravel\\framework\\src\\Illuminate\\Console\\Application.php(93): Symfony\\Component\\Console\\Application->run(Object(Symfony\\Component\\Console\\Input\\ArgvInput), Object(Symfony\\Component\\Console\\Output\\ConsoleOutput))\n#41 C:\\xampp\\htdocs\\hostel_manage\\vendor\\laravel\\framework\\src\\Illuminate\\Foundation\\Console\\Kernel.php(129): Illuminate\\Console\\Application->run(Object(Symfony\\Component\\Console\\Input\\ArgvInput), Object(Symfony\\Component\\Console\\Output\\ConsoleOutput))\n#42 C:\\xampp\\htdocs\\hostel_manage\\artisan(37): Illuminate\\Foundation\\Console\\Kernel->handle(Object(Symfony\\Component\\Console\\Input\\ArgvInput), Object(Symfony\\Component\\Console\\Output\\ConsoleOutput))\n#43 {main}', '2022-01-13 11:58:27'),
(8, 'database', 'default', '{\"uuid\":\"7d0ec1ed-1a10-4f4f-be7b-7607ac9a34fc\",\"displayName\":\"App\\\\Mail\\\\MailEngine\",\"job\":\"Illuminate\\\\Queue\\\\CallQueuedHandler@call\",\"maxTries\":null,\"maxExceptions\":null,\"delay\":null,\"timeout\":null,\"timeoutAt\":null,\"data\":{\"commandName\":\"Illuminate\\\\Mail\\\\SendQueuedMailable\",\"command\":\"O:34:\\\"Illuminate\\\\Mail\\\\SendQueuedMailable\\\":3:{s:8:\\\"mailable\\\";O:19:\\\"App\\\\Mail\\\\MailEngine\\\":26:{s:4:\\\"data\\\";a:4:{s:9:\\\"recipient\\\";s:22:\\\"2019ucp1429@mnit.ac.in\\\";s:7:\\\"subject\\\";N;s:7:\\\"message\\\";N;s:9:\\\"user_name\\\";s:13:\\\"Bangali Nillu\\\";}s:6:\\\"locale\\\";N;s:4:\\\"from\\\";a:0:{}s:2:\\\"to\\\";a:1:{i:0;a:2:{s:4:\\\"name\\\";N;s:7:\\\"address\\\";s:22:\\\"2019ucp1429@mnit.ac.in\\\";}}s:2:\\\"cc\\\";a:0:{}s:3:\\\"bcc\\\";a:0:{}s:7:\\\"replyTo\\\";a:0:{}s:7:\\\"subject\\\";N;s:11:\\\"\\u0000*\\u0000markdown\\\";N;s:7:\\\"\\u0000*\\u0000html\\\";N;s:4:\\\"view\\\";N;s:8:\\\"textView\\\";N;s:8:\\\"viewData\\\";a:0:{}s:11:\\\"attachments\\\";a:0:{}s:14:\\\"rawAttachments\\\";a:0:{}s:15:\\\"diskAttachments\\\";a:0:{}s:9:\\\"callbacks\\\";a:0:{}s:5:\\\"theme\\\";N;s:6:\\\"mailer\\\";s:4:\\\"smtp\\\";s:10:\\\"connection\\\";N;s:5:\\\"queue\\\";N;s:15:\\\"chainConnection\\\";N;s:10:\\\"chainQueue\\\";N;s:5:\\\"delay\\\";N;s:10:\\\"middleware\\\";a:0:{}s:7:\\\"chained\\\";a:0:{}}s:5:\\\"tries\\\";N;s:7:\\\"timeout\\\";N;}\"}}', 'InvalidArgumentException: View [mass_template] not found. in C:\\xampp\\htdocs\\hostel_manage\\vendor\\laravel\\framework\\src\\Illuminate\\View\\FileViewFinder.php:137\nStack trace:\n#0 C:\\xampp\\htdocs\\hostel_manage\\vendor\\laravel\\framework\\src\\Illuminate\\View\\FileViewFinder.php(79): Illuminate\\View\\FileViewFinder->findInPaths(\'mass_template\', Array)\n#1 C:\\xampp\\htdocs\\hostel_manage\\vendor\\laravel\\framework\\src\\Illuminate\\View\\Factory.php(138): Illuminate\\View\\FileViewFinder->find(\'mass_template\')\n#2 C:\\xampp\\htdocs\\hostel_manage\\vendor\\laravel\\framework\\src\\Illuminate\\Mail\\Markdown.php(64): Illuminate\\View\\Factory->make(\'mass_template\', Array)\n#3 C:\\xampp\\htdocs\\hostel_manage\\vendor\\laravel\\framework\\src\\Illuminate\\Mail\\Mailable.php(295): Illuminate\\Mail\\Markdown->render(\'mass_template\', Array)\n#4 C:\\xampp\\htdocs\\hostel_manage\\vendor\\laravel\\framework\\src\\Illuminate\\Mail\\Mailable.php(265): Illuminate\\Mail\\Mailable->buildMarkdownView()\n#5 C:\\xampp\\htdocs\\hostel_manage\\vendor\\laravel\\framework\\src\\Illuminate\\Mail\\Mailable.php(171): Illuminate\\Mail\\Mailable->buildView()\n#6 C:\\xampp\\htdocs\\hostel_manage\\vendor\\laravel\\framework\\src\\Illuminate\\Support\\Traits\\Localizable.php(19): Illuminate\\Mail\\Mailable->Illuminate\\Mail\\{closure}()\n#7 C:\\xampp\\htdocs\\hostel_manage\\vendor\\laravel\\framework\\src\\Illuminate\\Mail\\Mailable.php(178): Illuminate\\Mail\\Mailable->withLocale(NULL, Object(Closure))\n#8 C:\\xampp\\htdocs\\hostel_manage\\vendor\\laravel\\framework\\src\\Illuminate\\Mail\\SendQueuedMailable.php(52): Illuminate\\Mail\\Mailable->send(Object(Illuminate\\Mail\\MailManager))\n#9 C:\\xampp\\htdocs\\hostel_manage\\vendor\\laravel\\framework\\src\\Illuminate\\Container\\BoundMethod.php(36): Illuminate\\Mail\\SendQueuedMailable->handle(Object(Illuminate\\Mail\\MailManager))\n#10 C:\\xampp\\htdocs\\hostel_manage\\vendor\\laravel\\framework\\src\\Illuminate\\Container\\Util.php(37): Illuminate\\Container\\BoundMethod::Illuminate\\Container\\{closure}()\n#11 C:\\xampp\\htdocs\\hostel_manage\\vendor\\laravel\\framework\\src\\Illuminate\\Container\\BoundMethod.php(93): Illuminate\\Container\\Util::unwrapIfClosure(Object(Closure))\n#12 C:\\xampp\\htdocs\\hostel_manage\\vendor\\laravel\\framework\\src\\Illuminate\\Container\\BoundMethod.php(37): Illuminate\\Container\\BoundMethod::callBoundMethod(Object(Illuminate\\Foundation\\Application), Array, Object(Closure))\n#13 C:\\xampp\\htdocs\\hostel_manage\\vendor\\laravel\\framework\\src\\Illuminate\\Container\\Container.php(596): Illuminate\\Container\\BoundMethod::call(Object(Illuminate\\Foundation\\Application), Array, Array, NULL)\n#14 C:\\xampp\\htdocs\\hostel_manage\\vendor\\laravel\\framework\\src\\Illuminate\\Bus\\Dispatcher.php(94): Illuminate\\Container\\Container->call(Array)\n#15 C:\\xampp\\htdocs\\hostel_manage\\vendor\\laravel\\framework\\src\\Illuminate\\Pipeline\\Pipeline.php(128): Illuminate\\Bus\\Dispatcher->Illuminate\\Bus\\{closure}(Object(Illuminate\\Mail\\SendQueuedMailable))\n#16 C:\\xampp\\htdocs\\hostel_manage\\vendor\\laravel\\framework\\src\\Illuminate\\Pipeline\\Pipeline.php(103): Illuminate\\Pipeline\\Pipeline->Illuminate\\Pipeline\\{closure}(Object(Illuminate\\Mail\\SendQueuedMailable))\n#17 C:\\xampp\\htdocs\\hostel_manage\\vendor\\laravel\\framework\\src\\Illuminate\\Bus\\Dispatcher.php(98): Illuminate\\Pipeline\\Pipeline->then(Object(Closure))\n#18 C:\\xampp\\htdocs\\hostel_manage\\vendor\\laravel\\framework\\src\\Illuminate\\Queue\\CallQueuedHandler.php(83): Illuminate\\Bus\\Dispatcher->dispatchNow(Object(Illuminate\\Mail\\SendQueuedMailable), false)\n#19 C:\\xampp\\htdocs\\hostel_manage\\vendor\\laravel\\framework\\src\\Illuminate\\Pipeline\\Pipeline.php(128): Illuminate\\Queue\\CallQueuedHandler->Illuminate\\Queue\\{closure}(Object(Illuminate\\Mail\\SendQueuedMailable))\n#20 C:\\xampp\\htdocs\\hostel_manage\\vendor\\laravel\\framework\\src\\Illuminate\\Pipeline\\Pipeline.php(103): Illuminate\\Pipeline\\Pipeline->Illuminate\\Pipeline\\{closure}(Object(Illuminate\\Mail\\SendQueuedMailable))\n#21 C:\\xampp\\htdocs\\hostel_manage\\vendor\\laravel\\framework\\src\\Illuminate\\Queue\\CallQueuedHandler.php(85): Illuminate\\Pipeline\\Pipeline->then(Object(Closure))\n#22 C:\\xampp\\htdocs\\hostel_manage\\vendor\\laravel\\framework\\src\\Illuminate\\Queue\\CallQueuedHandler.php(59): Illuminate\\Queue\\CallQueuedHandler->dispatchThroughMiddleware(Object(Illuminate\\Queue\\Jobs\\DatabaseJob), Object(Illuminate\\Mail\\SendQueuedMailable))\n#23 C:\\xampp\\htdocs\\hostel_manage\\vendor\\laravel\\framework\\src\\Illuminate\\Queue\\Jobs\\Job.php(98): Illuminate\\Queue\\CallQueuedHandler->call(Object(Illuminate\\Queue\\Jobs\\DatabaseJob), Array)\n#24 C:\\xampp\\htdocs\\hostel_manage\\vendor\\laravel\\framework\\src\\Illuminate\\Queue\\Worker.php(356): Illuminate\\Queue\\Jobs\\Job->fire()\n#25 C:\\xampp\\htdocs\\hostel_manage\\vendor\\laravel\\framework\\src\\Illuminate\\Queue\\Worker.php(306): Illuminate\\Queue\\Worker->process(\'database\', Object(Illuminate\\Queue\\Jobs\\DatabaseJob), Object(Illuminate\\Queue\\WorkerOptions))\n#26 C:\\xampp\\htdocs\\hostel_manage\\vendor\\laravel\\framework\\src\\Illuminate\\Queue\\Worker.php(132): Illuminate\\Queue\\Worker->runJob(Object(Illuminate\\Queue\\Jobs\\DatabaseJob), \'database\', Object(Illuminate\\Queue\\WorkerOptions))\n#27 C:\\xampp\\htdocs\\hostel_manage\\vendor\\laravel\\framework\\src\\Illuminate\\Queue\\Console\\WorkCommand.php(112): Illuminate\\Queue\\Worker->daemon(\'database\', \'default\', Object(Illuminate\\Queue\\WorkerOptions))\n#28 C:\\xampp\\htdocs\\hostel_manage\\vendor\\laravel\\framework\\src\\Illuminate\\Queue\\Console\\WorkCommand.php(96): Illuminate\\Queue\\Console\\WorkCommand->runWorker(\'database\', \'default\')\n#29 C:\\xampp\\htdocs\\hostel_manage\\vendor\\laravel\\framework\\src\\Illuminate\\Container\\BoundMethod.php(36): Illuminate\\Queue\\Console\\WorkCommand->handle()\n#30 C:\\xampp\\htdocs\\hostel_manage\\vendor\\laravel\\framework\\src\\Illuminate\\Container\\Util.php(37): Illuminate\\Container\\BoundMethod::Illuminate\\Container\\{closure}()\n#31 C:\\xampp\\htdocs\\hostel_manage\\vendor\\laravel\\framework\\src\\Illuminate\\Container\\BoundMethod.php(93): Illuminate\\Container\\Util::unwrapIfClosure(Object(Closure))\n#32 C:\\xampp\\htdocs\\hostel_manage\\vendor\\laravel\\framework\\src\\Illuminate\\Container\\BoundMethod.php(37): Illuminate\\Container\\BoundMethod::callBoundMethod(Object(Illuminate\\Foundation\\Application), Array, Object(Closure))\n#33 C:\\xampp\\htdocs\\hostel_manage\\vendor\\laravel\\framework\\src\\Illuminate\\Container\\Container.php(596): Illuminate\\Container\\BoundMethod::call(Object(Illuminate\\Foundation\\Application), Array, Array, NULL)\n#34 C:\\xampp\\htdocs\\hostel_manage\\vendor\\laravel\\framework\\src\\Illuminate\\Console\\Command.php(134): Illuminate\\Container\\Container->call(Array)\n#35 C:\\xampp\\htdocs\\hostel_manage\\vendor\\symfony\\console\\Command\\Command.php(298): Illuminate\\Console\\Command->execute(Object(Symfony\\Component\\Console\\Input\\ArgvInput), Object(Illuminate\\Console\\OutputStyle))\n#36 C:\\xampp\\htdocs\\hostel_manage\\vendor\\laravel\\framework\\src\\Illuminate\\Console\\Command.php(121): Symfony\\Component\\Console\\Command\\Command->run(Object(Symfony\\Component\\Console\\Input\\ArgvInput), Object(Illuminate\\Console\\OutputStyle))\n#37 C:\\xampp\\htdocs\\hostel_manage\\vendor\\symfony\\console\\Application.php(1005): Illuminate\\Console\\Command->run(Object(Symfony\\Component\\Console\\Input\\ArgvInput), Object(Symfony\\Component\\Console\\Output\\ConsoleOutput))\n#38 C:\\xampp\\htdocs\\hostel_manage\\vendor\\symfony\\console\\Application.php(299): Symfony\\Component\\Console\\Application->doRunCommand(Object(Illuminate\\Queue\\Console\\WorkCommand), Object(Symfony\\Component\\Console\\Input\\ArgvInput), Object(Symfony\\Component\\Console\\Output\\ConsoleOutput))\n#39 C:\\xampp\\htdocs\\hostel_manage\\vendor\\symfony\\console\\Application.php(171): Symfony\\Component\\Console\\Application->doRun(Object(Symfony\\Component\\Console\\Input\\ArgvInput), Object(Symfony\\Component\\Console\\Output\\ConsoleOutput))\n#40 C:\\xampp\\htdocs\\hostel_manage\\vendor\\laravel\\framework\\src\\Illuminate\\Console\\Application.php(93): Symfony\\Component\\Console\\Application->run(Object(Symfony\\Component\\Console\\Input\\ArgvInput), Object(Symfony\\Component\\Console\\Output\\ConsoleOutput))\n#41 C:\\xampp\\htdocs\\hostel_manage\\vendor\\laravel\\framework\\src\\Illuminate\\Foundation\\Console\\Kernel.php(129): Illuminate\\Console\\Application->run(Object(Symfony\\Component\\Console\\Input\\ArgvInput), Object(Symfony\\Component\\Console\\Output\\ConsoleOutput))\n#42 C:\\xampp\\htdocs\\hostel_manage\\artisan(37): Illuminate\\Foundation\\Console\\Kernel->handle(Object(Symfony\\Component\\Console\\Input\\ArgvInput), Object(Symfony\\Component\\Console\\Output\\ConsoleOutput))\n#43 {main}', '2022-01-13 11:58:49');
INSERT INTO `failed_jobs` (`id`, `connection`, `queue`, `payload`, `exception`, `failed_at`) VALUES
(9, 'database', 'default', '{\"uuid\":\"feffe53f-6fd9-483c-8168-36be7f3470ac\",\"displayName\":\"App\\\\Mail\\\\MailEngine\",\"job\":\"Illuminate\\\\Queue\\\\CallQueuedHandler@call\",\"maxTries\":null,\"maxExceptions\":null,\"delay\":null,\"timeout\":null,\"timeoutAt\":null,\"data\":{\"commandName\":\"Illuminate\\\\Mail\\\\SendQueuedMailable\",\"command\":\"O:34:\\\"Illuminate\\\\Mail\\\\SendQueuedMailable\\\":3:{s:8:\\\"mailable\\\";O:19:\\\"App\\\\Mail\\\\MailEngine\\\":26:{s:4:\\\"data\\\";a:4:{s:9:\\\"recipient\\\";s:22:\\\"2019ucp1429@mnit.ac.in\\\";s:7:\\\"subject\\\";N;s:7:\\\"message\\\";N;s:9:\\\"user_name\\\";s:13:\\\"Bangali Nillu\\\";}s:6:\\\"locale\\\";N;s:4:\\\"from\\\";a:0:{}s:2:\\\"to\\\";a:1:{i:0;a:2:{s:4:\\\"name\\\";N;s:7:\\\"address\\\";s:22:\\\"2019ucp1429@mnit.ac.in\\\";}}s:2:\\\"cc\\\";a:0:{}s:3:\\\"bcc\\\";a:0:{}s:7:\\\"replyTo\\\";a:0:{}s:7:\\\"subject\\\";N;s:11:\\\"\\u0000*\\u0000markdown\\\";N;s:7:\\\"\\u0000*\\u0000html\\\";N;s:4:\\\"view\\\";N;s:8:\\\"textView\\\";N;s:8:\\\"viewData\\\";a:0:{}s:11:\\\"attachments\\\";a:0:{}s:14:\\\"rawAttachments\\\";a:0:{}s:15:\\\"diskAttachments\\\";a:0:{}s:9:\\\"callbacks\\\";a:0:{}s:5:\\\"theme\\\";N;s:6:\\\"mailer\\\";s:4:\\\"smtp\\\";s:10:\\\"connection\\\";N;s:5:\\\"queue\\\";N;s:15:\\\"chainConnection\\\";N;s:10:\\\"chainQueue\\\";N;s:5:\\\"delay\\\";N;s:10:\\\"middleware\\\";a:0:{}s:7:\\\"chained\\\";a:0:{}}s:5:\\\"tries\\\";N;s:7:\\\"timeout\\\";N;}\"}}', 'InvalidArgumentException: View [mass_template] not found. in C:\\xampp\\htdocs\\hostel_manage\\vendor\\laravel\\framework\\src\\Illuminate\\View\\FileViewFinder.php:137\nStack trace:\n#0 C:\\xampp\\htdocs\\hostel_manage\\vendor\\laravel\\framework\\src\\Illuminate\\View\\FileViewFinder.php(79): Illuminate\\View\\FileViewFinder->findInPaths(\'mass_template\', Array)\n#1 C:\\xampp\\htdocs\\hostel_manage\\vendor\\laravel\\framework\\src\\Illuminate\\View\\Factory.php(138): Illuminate\\View\\FileViewFinder->find(\'mass_template\')\n#2 C:\\xampp\\htdocs\\hostel_manage\\vendor\\laravel\\framework\\src\\Illuminate\\Mail\\Markdown.php(64): Illuminate\\View\\Factory->make(\'mass_template\', Array)\n#3 C:\\xampp\\htdocs\\hostel_manage\\vendor\\laravel\\framework\\src\\Illuminate\\Mail\\Mailable.php(295): Illuminate\\Mail\\Markdown->render(\'mass_template\', Array)\n#4 C:\\xampp\\htdocs\\hostel_manage\\vendor\\laravel\\framework\\src\\Illuminate\\Mail\\Mailable.php(265): Illuminate\\Mail\\Mailable->buildMarkdownView()\n#5 C:\\xampp\\htdocs\\hostel_manage\\vendor\\laravel\\framework\\src\\Illuminate\\Mail\\Mailable.php(171): Illuminate\\Mail\\Mailable->buildView()\n#6 C:\\xampp\\htdocs\\hostel_manage\\vendor\\laravel\\framework\\src\\Illuminate\\Support\\Traits\\Localizable.php(19): Illuminate\\Mail\\Mailable->Illuminate\\Mail\\{closure}()\n#7 C:\\xampp\\htdocs\\hostel_manage\\vendor\\laravel\\framework\\src\\Illuminate\\Mail\\Mailable.php(178): Illuminate\\Mail\\Mailable->withLocale(NULL, Object(Closure))\n#8 C:\\xampp\\htdocs\\hostel_manage\\vendor\\laravel\\framework\\src\\Illuminate\\Mail\\SendQueuedMailable.php(52): Illuminate\\Mail\\Mailable->send(Object(Illuminate\\Mail\\MailManager))\n#9 C:\\xampp\\htdocs\\hostel_manage\\vendor\\laravel\\framework\\src\\Illuminate\\Container\\BoundMethod.php(36): Illuminate\\Mail\\SendQueuedMailable->handle(Object(Illuminate\\Mail\\MailManager))\n#10 C:\\xampp\\htdocs\\hostel_manage\\vendor\\laravel\\framework\\src\\Illuminate\\Container\\Util.php(37): Illuminate\\Container\\BoundMethod::Illuminate\\Container\\{closure}()\n#11 C:\\xampp\\htdocs\\hostel_manage\\vendor\\laravel\\framework\\src\\Illuminate\\Container\\BoundMethod.php(93): Illuminate\\Container\\Util::unwrapIfClosure(Object(Closure))\n#12 C:\\xampp\\htdocs\\hostel_manage\\vendor\\laravel\\framework\\src\\Illuminate\\Container\\BoundMethod.php(37): Illuminate\\Container\\BoundMethod::callBoundMethod(Object(Illuminate\\Foundation\\Application), Array, Object(Closure))\n#13 C:\\xampp\\htdocs\\hostel_manage\\vendor\\laravel\\framework\\src\\Illuminate\\Container\\Container.php(596): Illuminate\\Container\\BoundMethod::call(Object(Illuminate\\Foundation\\Application), Array, Array, NULL)\n#14 C:\\xampp\\htdocs\\hostel_manage\\vendor\\laravel\\framework\\src\\Illuminate\\Bus\\Dispatcher.php(94): Illuminate\\Container\\Container->call(Array)\n#15 C:\\xampp\\htdocs\\hostel_manage\\vendor\\laravel\\framework\\src\\Illuminate\\Pipeline\\Pipeline.php(128): Illuminate\\Bus\\Dispatcher->Illuminate\\Bus\\{closure}(Object(Illuminate\\Mail\\SendQueuedMailable))\n#16 C:\\xampp\\htdocs\\hostel_manage\\vendor\\laravel\\framework\\src\\Illuminate\\Pipeline\\Pipeline.php(103): Illuminate\\Pipeline\\Pipeline->Illuminate\\Pipeline\\{closure}(Object(Illuminate\\Mail\\SendQueuedMailable))\n#17 C:\\xampp\\htdocs\\hostel_manage\\vendor\\laravel\\framework\\src\\Illuminate\\Bus\\Dispatcher.php(98): Illuminate\\Pipeline\\Pipeline->then(Object(Closure))\n#18 C:\\xampp\\htdocs\\hostel_manage\\vendor\\laravel\\framework\\src\\Illuminate\\Queue\\CallQueuedHandler.php(83): Illuminate\\Bus\\Dispatcher->dispatchNow(Object(Illuminate\\Mail\\SendQueuedMailable), false)\n#19 C:\\xampp\\htdocs\\hostel_manage\\vendor\\laravel\\framework\\src\\Illuminate\\Pipeline\\Pipeline.php(128): Illuminate\\Queue\\CallQueuedHandler->Illuminate\\Queue\\{closure}(Object(Illuminate\\Mail\\SendQueuedMailable))\n#20 C:\\xampp\\htdocs\\hostel_manage\\vendor\\laravel\\framework\\src\\Illuminate\\Pipeline\\Pipeline.php(103): Illuminate\\Pipeline\\Pipeline->Illuminate\\Pipeline\\{closure}(Object(Illuminate\\Mail\\SendQueuedMailable))\n#21 C:\\xampp\\htdocs\\hostel_manage\\vendor\\laravel\\framework\\src\\Illuminate\\Queue\\CallQueuedHandler.php(85): Illuminate\\Pipeline\\Pipeline->then(Object(Closure))\n#22 C:\\xampp\\htdocs\\hostel_manage\\vendor\\laravel\\framework\\src\\Illuminate\\Queue\\CallQueuedHandler.php(59): Illuminate\\Queue\\CallQueuedHandler->dispatchThroughMiddleware(Object(Illuminate\\Queue\\Jobs\\DatabaseJob), Object(Illuminate\\Mail\\SendQueuedMailable))\n#23 C:\\xampp\\htdocs\\hostel_manage\\vendor\\laravel\\framework\\src\\Illuminate\\Queue\\Jobs\\Job.php(98): Illuminate\\Queue\\CallQueuedHandler->call(Object(Illuminate\\Queue\\Jobs\\DatabaseJob), Array)\n#24 C:\\xampp\\htdocs\\hostel_manage\\vendor\\laravel\\framework\\src\\Illuminate\\Queue\\Worker.php(356): Illuminate\\Queue\\Jobs\\Job->fire()\n#25 C:\\xampp\\htdocs\\hostel_manage\\vendor\\laravel\\framework\\src\\Illuminate\\Queue\\Worker.php(306): Illuminate\\Queue\\Worker->process(\'database\', Object(Illuminate\\Queue\\Jobs\\DatabaseJob), Object(Illuminate\\Queue\\WorkerOptions))\n#26 C:\\xampp\\htdocs\\hostel_manage\\vendor\\laravel\\framework\\src\\Illuminate\\Queue\\Worker.php(132): Illuminate\\Queue\\Worker->runJob(Object(Illuminate\\Queue\\Jobs\\DatabaseJob), \'database\', Object(Illuminate\\Queue\\WorkerOptions))\n#27 C:\\xampp\\htdocs\\hostel_manage\\vendor\\laravel\\framework\\src\\Illuminate\\Queue\\Console\\WorkCommand.php(112): Illuminate\\Queue\\Worker->daemon(\'database\', \'default\', Object(Illuminate\\Queue\\WorkerOptions))\n#28 C:\\xampp\\htdocs\\hostel_manage\\vendor\\laravel\\framework\\src\\Illuminate\\Queue\\Console\\WorkCommand.php(96): Illuminate\\Queue\\Console\\WorkCommand->runWorker(\'database\', \'default\')\n#29 C:\\xampp\\htdocs\\hostel_manage\\vendor\\laravel\\framework\\src\\Illuminate\\Container\\BoundMethod.php(36): Illuminate\\Queue\\Console\\WorkCommand->handle()\n#30 C:\\xampp\\htdocs\\hostel_manage\\vendor\\laravel\\framework\\src\\Illuminate\\Container\\Util.php(37): Illuminate\\Container\\BoundMethod::Illuminate\\Container\\{closure}()\n#31 C:\\xampp\\htdocs\\hostel_manage\\vendor\\laravel\\framework\\src\\Illuminate\\Container\\BoundMethod.php(93): Illuminate\\Container\\Util::unwrapIfClosure(Object(Closure))\n#32 C:\\xampp\\htdocs\\hostel_manage\\vendor\\laravel\\framework\\src\\Illuminate\\Container\\BoundMethod.php(37): Illuminate\\Container\\BoundMethod::callBoundMethod(Object(Illuminate\\Foundation\\Application), Array, Object(Closure))\n#33 C:\\xampp\\htdocs\\hostel_manage\\vendor\\laravel\\framework\\src\\Illuminate\\Container\\Container.php(596): Illuminate\\Container\\BoundMethod::call(Object(Illuminate\\Foundation\\Application), Array, Array, NULL)\n#34 C:\\xampp\\htdocs\\hostel_manage\\vendor\\laravel\\framework\\src\\Illuminate\\Console\\Command.php(134): Illuminate\\Container\\Container->call(Array)\n#35 C:\\xampp\\htdocs\\hostel_manage\\vendor\\symfony\\console\\Command\\Command.php(298): Illuminate\\Console\\Command->execute(Object(Symfony\\Component\\Console\\Input\\ArgvInput), Object(Illuminate\\Console\\OutputStyle))\n#36 C:\\xampp\\htdocs\\hostel_manage\\vendor\\laravel\\framework\\src\\Illuminate\\Console\\Command.php(121): Symfony\\Component\\Console\\Command\\Command->run(Object(Symfony\\Component\\Console\\Input\\ArgvInput), Object(Illuminate\\Console\\OutputStyle))\n#37 C:\\xampp\\htdocs\\hostel_manage\\vendor\\symfony\\console\\Application.php(1005): Illuminate\\Console\\Command->run(Object(Symfony\\Component\\Console\\Input\\ArgvInput), Object(Symfony\\Component\\Console\\Output\\ConsoleOutput))\n#38 C:\\xampp\\htdocs\\hostel_manage\\vendor\\symfony\\console\\Application.php(299): Symfony\\Component\\Console\\Application->doRunCommand(Object(Illuminate\\Queue\\Console\\WorkCommand), Object(Symfony\\Component\\Console\\Input\\ArgvInput), Object(Symfony\\Component\\Console\\Output\\ConsoleOutput))\n#39 C:\\xampp\\htdocs\\hostel_manage\\vendor\\symfony\\console\\Application.php(171): Symfony\\Component\\Console\\Application->doRun(Object(Symfony\\Component\\Console\\Input\\ArgvInput), Object(Symfony\\Component\\Console\\Output\\ConsoleOutput))\n#40 C:\\xampp\\htdocs\\hostel_manage\\vendor\\laravel\\framework\\src\\Illuminate\\Console\\Application.php(93): Symfony\\Component\\Console\\Application->run(Object(Symfony\\Component\\Console\\Input\\ArgvInput), Object(Symfony\\Component\\Console\\Output\\ConsoleOutput))\n#41 C:\\xampp\\htdocs\\hostel_manage\\vendor\\laravel\\framework\\src\\Illuminate\\Foundation\\Console\\Kernel.php(129): Illuminate\\Console\\Application->run(Object(Symfony\\Component\\Console\\Input\\ArgvInput), Object(Symfony\\Component\\Console\\Output\\ConsoleOutput))\n#42 C:\\xampp\\htdocs\\hostel_manage\\artisan(37): Illuminate\\Foundation\\Console\\Kernel->handle(Object(Symfony\\Component\\Console\\Input\\ArgvInput), Object(Symfony\\Component\\Console\\Output\\ConsoleOutput))\n#43 {main}', '2022-01-13 11:59:40'),
(10, 'database', 'default', '{\"uuid\":\"e2b592e2-a033-484b-a6eb-3b9e7f6a93bd\",\"displayName\":\"App\\\\Mail\\\\MailEngine\",\"job\":\"Illuminate\\\\Queue\\\\CallQueuedHandler@call\",\"maxTries\":null,\"maxExceptions\":null,\"delay\":null,\"timeout\":null,\"timeoutAt\":null,\"data\":{\"commandName\":\"Illuminate\\\\Mail\\\\SendQueuedMailable\",\"command\":\"O:34:\\\"Illuminate\\\\Mail\\\\SendQueuedMailable\\\":3:{s:8:\\\"mailable\\\";O:19:\\\"App\\\\Mail\\\\MailEngine\\\":26:{s:4:\\\"data\\\";a:4:{s:9:\\\"recipient\\\";s:22:\\\"2019ucp1429@mnit.ac.in\\\";s:7:\\\"subject\\\";N;s:7:\\\"message\\\";N;s:9:\\\"user_name\\\";s:13:\\\"Bangali Nillu\\\";}s:6:\\\"locale\\\";N;s:4:\\\"from\\\";a:0:{}s:2:\\\"to\\\";a:1:{i:0;a:2:{s:4:\\\"name\\\";N;s:7:\\\"address\\\";s:22:\\\"2019ucp1429@mnit.ac.in\\\";}}s:2:\\\"cc\\\";a:0:{}s:3:\\\"bcc\\\";a:0:{}s:7:\\\"replyTo\\\";a:0:{}s:7:\\\"subject\\\";N;s:11:\\\"\\u0000*\\u0000markdown\\\";N;s:7:\\\"\\u0000*\\u0000html\\\";N;s:4:\\\"view\\\";N;s:8:\\\"textView\\\";N;s:8:\\\"viewData\\\";a:0:{}s:11:\\\"attachments\\\";a:0:{}s:14:\\\"rawAttachments\\\";a:0:{}s:15:\\\"diskAttachments\\\";a:0:{}s:9:\\\"callbacks\\\";a:0:{}s:5:\\\"theme\\\";N;s:6:\\\"mailer\\\";s:4:\\\"smtp\\\";s:10:\\\"connection\\\";N;s:5:\\\"queue\\\";N;s:15:\\\"chainConnection\\\";N;s:10:\\\"chainQueue\\\";N;s:5:\\\"delay\\\";N;s:10:\\\"middleware\\\";a:0:{}s:7:\\\"chained\\\";a:0:{}}s:5:\\\"tries\\\";N;s:7:\\\"timeout\\\";N;}\"}}', 'ErrorException: Undefined index: body in C:\\xampp\\htdocs\\hostel_manage\\storage\\framework\\views\\e463548453366a70a02c411fd0b939dc7f3e8e6a.php:3\nStack trace:\n#0 C:\\xampp\\htdocs\\hostel_manage\\storage\\framework\\views\\e463548453366a70a02c411fd0b939dc7f3e8e6a.php(3): Illuminate\\Foundation\\Bootstrap\\HandleExceptions->handleError(8, \'Undefined index...\', \'C:\\\\xampp\\\\htdocs...\', 3, Array)\n#1 C:\\xampp\\htdocs\\hostel_manage\\vendor\\laravel\\framework\\src\\Illuminate\\View\\Engines\\PhpEngine.php(41): include(\'C:\\\\xampp\\\\htdocs...\')\n#2 C:\\xampp\\htdocs\\hostel_manage\\vendor\\laravel\\framework\\src\\Illuminate\\View\\Engines\\CompilerEngine.php(57): Illuminate\\View\\Engines\\PhpEngine->evaluatePath(\'C:\\\\xampp\\\\htdocs...\', Array)\n#3 C:\\xampp\\htdocs\\hostel_manage\\vendor\\facade\\ignition\\src\\Views\\Engines\\CompilerEngine.php(37): Illuminate\\View\\Engines\\CompilerEngine->get(\'C:\\\\xampp\\\\htdocs...\', Array)\n#4 C:\\xampp\\htdocs\\hostel_manage\\vendor\\laravel\\framework\\src\\Illuminate\\View\\View.php(139): Facade\\Ignition\\Views\\Engines\\CompilerEngine->get(\'C:\\\\xampp\\\\htdocs...\', Array)\n#5 C:\\xampp\\htdocs\\hostel_manage\\vendor\\laravel\\framework\\src\\Illuminate\\View\\View.php(122): Illuminate\\View\\View->getContents()\n#6 C:\\xampp\\htdocs\\hostel_manage\\vendor\\laravel\\framework\\src\\Illuminate\\View\\View.php(91): Illuminate\\View\\View->renderContents()\n#7 C:\\xampp\\htdocs\\hostel_manage\\vendor\\laravel\\framework\\src\\Illuminate\\Mail\\Markdown.php(64): Illuminate\\View\\View->render()\n#8 C:\\xampp\\htdocs\\hostel_manage\\vendor\\laravel\\framework\\src\\Illuminate\\Mail\\Mailable.php(295): Illuminate\\Mail\\Markdown->render(\'mess_template\', Array)\n#9 C:\\xampp\\htdocs\\hostel_manage\\vendor\\laravel\\framework\\src\\Illuminate\\Mail\\Mailable.php(265): Illuminate\\Mail\\Mailable->buildMarkdownView()\n#10 C:\\xampp\\htdocs\\hostel_manage\\vendor\\laravel\\framework\\src\\Illuminate\\Mail\\Mailable.php(171): Illuminate\\Mail\\Mailable->buildView()\n#11 C:\\xampp\\htdocs\\hostel_manage\\vendor\\laravel\\framework\\src\\Illuminate\\Support\\Traits\\Localizable.php(19): Illuminate\\Mail\\Mailable->Illuminate\\Mail\\{closure}()\n#12 C:\\xampp\\htdocs\\hostel_manage\\vendor\\laravel\\framework\\src\\Illuminate\\Mail\\Mailable.php(178): Illuminate\\Mail\\Mailable->withLocale(NULL, Object(Closure))\n#13 C:\\xampp\\htdocs\\hostel_manage\\vendor\\laravel\\framework\\src\\Illuminate\\Mail\\SendQueuedMailable.php(52): Illuminate\\Mail\\Mailable->send(Object(Illuminate\\Mail\\MailManager))\n#14 C:\\xampp\\htdocs\\hostel_manage\\vendor\\laravel\\framework\\src\\Illuminate\\Container\\BoundMethod.php(36): Illuminate\\Mail\\SendQueuedMailable->handle(Object(Illuminate\\Mail\\MailManager))\n#15 C:\\xampp\\htdocs\\hostel_manage\\vendor\\laravel\\framework\\src\\Illuminate\\Container\\Util.php(37): Illuminate\\Container\\BoundMethod::Illuminate\\Container\\{closure}()\n#16 C:\\xampp\\htdocs\\hostel_manage\\vendor\\laravel\\framework\\src\\Illuminate\\Container\\BoundMethod.php(93): Illuminate\\Container\\Util::unwrapIfClosure(Object(Closure))\n#17 C:\\xampp\\htdocs\\hostel_manage\\vendor\\laravel\\framework\\src\\Illuminate\\Container\\BoundMethod.php(37): Illuminate\\Container\\BoundMethod::callBoundMethod(Object(Illuminate\\Foundation\\Application), Array, Object(Closure))\n#18 C:\\xampp\\htdocs\\hostel_manage\\vendor\\laravel\\framework\\src\\Illuminate\\Container\\Container.php(596): Illuminate\\Container\\BoundMethod::call(Object(Illuminate\\Foundation\\Application), Array, Array, NULL)\n#19 C:\\xampp\\htdocs\\hostel_manage\\vendor\\laravel\\framework\\src\\Illuminate\\Bus\\Dispatcher.php(94): Illuminate\\Container\\Container->call(Array)\n#20 C:\\xampp\\htdocs\\hostel_manage\\vendor\\laravel\\framework\\src\\Illuminate\\Pipeline\\Pipeline.php(128): Illuminate\\Bus\\Dispatcher->Illuminate\\Bus\\{closure}(Object(Illuminate\\Mail\\SendQueuedMailable))\n#21 C:\\xampp\\htdocs\\hostel_manage\\vendor\\laravel\\framework\\src\\Illuminate\\Pipeline\\Pipeline.php(103): Illuminate\\Pipeline\\Pipeline->Illuminate\\Pipeline\\{closure}(Object(Illuminate\\Mail\\SendQueuedMailable))\n#22 C:\\xampp\\htdocs\\hostel_manage\\vendor\\laravel\\framework\\src\\Illuminate\\Bus\\Dispatcher.php(98): Illuminate\\Pipeline\\Pipeline->then(Object(Closure))\n#23 C:\\xampp\\htdocs\\hostel_manage\\vendor\\laravel\\framework\\src\\Illuminate\\Queue\\CallQueuedHandler.php(83): Illuminate\\Bus\\Dispatcher->dispatchNow(Object(Illuminate\\Mail\\SendQueuedMailable), false)\n#24 C:\\xampp\\htdocs\\hostel_manage\\vendor\\laravel\\framework\\src\\Illuminate\\Pipeline\\Pipeline.php(128): Illuminate\\Queue\\CallQueuedHandler->Illuminate\\Queue\\{closure}(Object(Illuminate\\Mail\\SendQueuedMailable))\n#25 C:\\xampp\\htdocs\\hostel_manage\\vendor\\laravel\\framework\\src\\Illuminate\\Pipeline\\Pipeline.php(103): Illuminate\\Pipeline\\Pipeline->Illuminate\\Pipeline\\{closure}(Object(Illuminate\\Mail\\SendQueuedMailable))\n#26 C:\\xampp\\htdocs\\hostel_manage\\vendor\\laravel\\framework\\src\\Illuminate\\Queue\\CallQueuedHandler.php(85): Illuminate\\Pipeline\\Pipeline->then(Object(Closure))\n#27 C:\\xampp\\htdocs\\hostel_manage\\vendor\\laravel\\framework\\src\\Illuminate\\Queue\\CallQueuedHandler.php(59): Illuminate\\Queue\\CallQueuedHandler->dispatchThroughMiddleware(Object(Illuminate\\Queue\\Jobs\\DatabaseJob), Object(Illuminate\\Mail\\SendQueuedMailable))\n#28 C:\\xampp\\htdocs\\hostel_manage\\vendor\\laravel\\framework\\src\\Illuminate\\Queue\\Jobs\\Job.php(98): Illuminate\\Queue\\CallQueuedHandler->call(Object(Illuminate\\Queue\\Jobs\\DatabaseJob), Array)\n#29 C:\\xampp\\htdocs\\hostel_manage\\vendor\\laravel\\framework\\src\\Illuminate\\Queue\\Worker.php(356): Illuminate\\Queue\\Jobs\\Job->fire()\n#30 C:\\xampp\\htdocs\\hostel_manage\\vendor\\laravel\\framework\\src\\Illuminate\\Queue\\Worker.php(306): Illuminate\\Queue\\Worker->process(\'database\', Object(Illuminate\\Queue\\Jobs\\DatabaseJob), Object(Illuminate\\Queue\\WorkerOptions))\n#31 C:\\xampp\\htdocs\\hostel_manage\\vendor\\laravel\\framework\\src\\Illuminate\\Queue\\Worker.php(132): Illuminate\\Queue\\Worker->runJob(Object(Illuminate\\Queue\\Jobs\\DatabaseJob), \'database\', Object(Illuminate\\Queue\\WorkerOptions))\n#32 C:\\xampp\\htdocs\\hostel_manage\\vendor\\laravel\\framework\\src\\Illuminate\\Queue\\Console\\WorkCommand.php(112): Illuminate\\Queue\\Worker->daemon(\'database\', \'default\', Object(Illuminate\\Queue\\WorkerOptions))\n#33 C:\\xampp\\htdocs\\hostel_manage\\vendor\\laravel\\framework\\src\\Illuminate\\Queue\\Console\\WorkCommand.php(96): Illuminate\\Queue\\Console\\WorkCommand->runWorker(\'database\', \'default\')\n#34 C:\\xampp\\htdocs\\hostel_manage\\vendor\\laravel\\framework\\src\\Illuminate\\Container\\BoundMethod.php(36): Illuminate\\Queue\\Console\\WorkCommand->handle()\n#35 C:\\xampp\\htdocs\\hostel_manage\\vendor\\laravel\\framework\\src\\Illuminate\\Container\\Util.php(37): Illuminate\\Container\\BoundMethod::Illuminate\\Container\\{closure}()\n#36 C:\\xampp\\htdocs\\hostel_manage\\vendor\\laravel\\framework\\src\\Illuminate\\Container\\BoundMethod.php(93): Illuminate\\Container\\Util::unwrapIfClosure(Object(Closure))\n#37 C:\\xampp\\htdocs\\hostel_manage\\vendor\\laravel\\framework\\src\\Illuminate\\Container\\BoundMethod.php(37): Illuminate\\Container\\BoundMethod::callBoundMethod(Object(Illuminate\\Foundation\\Application), Array, Object(Closure))\n#38 C:\\xampp\\htdocs\\hostel_manage\\vendor\\laravel\\framework\\src\\Illuminate\\Container\\Container.php(596): Illuminate\\Container\\BoundMethod::call(Object(Illuminate\\Foundation\\Application), Array, Array, NULL)\n#39 C:\\xampp\\htdocs\\hostel_manage\\vendor\\laravel\\framework\\src\\Illuminate\\Console\\Command.php(134): Illuminate\\Container\\Container->call(Array)\n#40 C:\\xampp\\htdocs\\hostel_manage\\vendor\\symfony\\console\\Command\\Command.php(298): Illuminate\\Console\\Command->execute(Object(Symfony\\Component\\Console\\Input\\ArgvInput), Object(Illuminate\\Console\\OutputStyle))\n#41 C:\\xampp\\htdocs\\hostel_manage\\vendor\\laravel\\framework\\src\\Illuminate\\Console\\Command.php(121): Symfony\\Component\\Console\\Command\\Command->run(Object(Symfony\\Component\\Console\\Input\\ArgvInput), Object(Illuminate\\Console\\OutputStyle))\n#42 C:\\xampp\\htdocs\\hostel_manage\\vendor\\symfony\\console\\Application.php(1005): Illuminate\\Console\\Command->run(Object(Symfony\\Component\\Console\\Input\\ArgvInput), Object(Symfony\\Component\\Console\\Output\\ConsoleOutput))\n#43 C:\\xampp\\htdocs\\hostel_manage\\vendor\\symfony\\console\\Application.php(299): Symfony\\Component\\Console\\Application->doRunCommand(Object(Illuminate\\Queue\\Console\\WorkCommand), Object(Symfony\\Component\\Console\\Input\\ArgvInput), Object(Symfony\\Component\\Console\\Output\\ConsoleOutput))\n#44 C:\\xampp\\htdocs\\hostel_manage\\vendor\\symfony\\console\\Application.php(171): Symfony\\Component\\Console\\Application->doRun(Object(Symfony\\Component\\Console\\Input\\ArgvInput), Object(Symfony\\Component\\Console\\Output\\ConsoleOutput))\n#45 C:\\xampp\\htdocs\\hostel_manage\\vendor\\laravel\\framework\\src\\Illuminate\\Console\\Application.php(93): Symfony\\Component\\Console\\Application->run(Object(Symfony\\Component\\Console\\Input\\ArgvInput), Object(Symfony\\Component\\Console\\Output\\ConsoleOutput))\n#46 C:\\xampp\\htdocs\\hostel_manage\\vendor\\laravel\\framework\\src\\Illuminate\\Foundation\\Console\\Kernel.php(129): Illuminate\\Console\\Application->run(Object(Symfony\\Component\\Console\\Input\\ArgvInput), Object(Symfony\\Component\\Console\\Output\\ConsoleOutput))\n#47 C:\\xampp\\htdocs\\hostel_manage\\artisan(37): Illuminate\\Foundation\\Console\\Kernel->handle(Object(Symfony\\Component\\Console\\Input\\ArgvInput), Object(Symfony\\Component\\Console\\Output\\ConsoleOutput))\n#48 {main}\n\nNext Facade\\Ignition\\Exceptions\\ViewException: Undefined index: body (View: C:\\xampp\\htdocs\\hostel_manage\\resources\\views\\mess_template.blade.php) in C:\\xampp\\htdocs\\hostel_manage\\resources\\views/mess_template.blade.php:3\nStack trace:\n#0 C:\\xampp\\htdocs\\hostel_manage\\resources\\views/mess_template.blade.php(3): Illuminate\\Foundation\\Bootstrap\\HandleExceptions->handleError(8, \'Undefined index...\', \'C:\\\\xampp\\\\htdocs...\', 3, Array)\n#1 C:\\xampp\\htdocs\\hostel_manage\\vendor\\laravel\\framework\\src\\Illuminate\\View\\Engines\\PhpEngine.php(41): include(\'C:\\\\xampp\\\\htdocs...\')\n#2 C:\\xampp\\htdocs\\hostel_manage\\vendor\\laravel\\framework\\src\\Illuminate\\View\\Engines\\CompilerEngine.php(57): Illuminate\\View\\Engines\\PhpEngine->evaluatePath(\'C:\\\\xampp\\\\htdocs...\', Array)\n#3 C:\\xampp\\htdocs\\hostel_manage\\vendor\\facade\\ignition\\src\\Views\\Engines\\CompilerEngine.php(37): Illuminate\\View\\Engines\\CompilerEngine->get(\'C:\\\\xampp\\\\htdocs...\', Array)\n#4 C:\\xampp\\htdocs\\hostel_manage\\vendor\\laravel\\framework\\src\\Illuminate\\View\\View.php(139): Facade\\Ignition\\Views\\Engines\\CompilerEngine->get(\'C:\\\\xampp\\\\htdocs...\', Array)\n#5 C:\\xampp\\htdocs\\hostel_manage\\vendor\\laravel\\framework\\src\\Illuminate\\View\\View.php(122): Illuminate\\View\\View->getContents()\n#6 C:\\xampp\\htdocs\\hostel_manage\\vendor\\laravel\\framework\\src\\Illuminate\\View\\View.php(91): Illuminate\\View\\View->renderContents()\n#7 C:\\xampp\\htdocs\\hostel_manage\\vendor\\laravel\\framework\\src\\Illuminate\\Mail\\Markdown.php(64): Illuminate\\View\\View->render()\n#8 C:\\xampp\\htdocs\\hostel_manage\\vendor\\laravel\\framework\\src\\Illuminate\\Mail\\Mailable.php(295): Illuminate\\Mail\\Markdown->render(\'mess_template\', Array)\n#9 C:\\xampp\\htdocs\\hostel_manage\\vendor\\laravel\\framework\\src\\Illuminate\\Mail\\Mailable.php(265): Illuminate\\Mail\\Mailable->buildMarkdownView()\n#10 C:\\xampp\\htdocs\\hostel_manage\\vendor\\laravel\\framework\\src\\Illuminate\\Mail\\Mailable.php(171): Illuminate\\Mail\\Mailable->buildView()\n#11 C:\\xampp\\htdocs\\hostel_manage\\vendor\\laravel\\framework\\src\\Illuminate\\Support\\Traits\\Localizable.php(19): Illuminate\\Mail\\Mailable->Illuminate\\Mail\\{closure}()\n#12 C:\\xampp\\htdocs\\hostel_manage\\vendor\\laravel\\framework\\src\\Illuminate\\Mail\\Mailable.php(178): Illuminate\\Mail\\Mailable->withLocale(NULL, Object(Closure))\n#13 C:\\xampp\\htdocs\\hostel_manage\\vendor\\laravel\\framework\\src\\Illuminate\\Mail\\SendQueuedMailable.php(52): Illuminate\\Mail\\Mailable->send(Object(Illuminate\\Mail\\MailManager))\n#14 C:\\xampp\\htdocs\\hostel_manage\\vendor\\laravel\\framework\\src\\Illuminate\\Container\\BoundMethod.php(36): Illuminate\\Mail\\SendQueuedMailable->handle(Object(Illuminate\\Mail\\MailManager))\n#15 C:\\xampp\\htdocs\\hostel_manage\\vendor\\laravel\\framework\\src\\Illuminate\\Container\\Util.php(37): Illuminate\\Container\\BoundMethod::Illuminate\\Container\\{closure}()\n#16 C:\\xampp\\htdocs\\hostel_manage\\vendor\\laravel\\framework\\src\\Illuminate\\Container\\BoundMethod.php(93): Illuminate\\Container\\Util::unwrapIfClosure(Object(Closure))\n#17 C:\\xampp\\htdocs\\hostel_manage\\vendor\\laravel\\framework\\src\\Illuminate\\Container\\BoundMethod.php(37): Illuminate\\Container\\BoundMethod::callBoundMethod(Object(Illuminate\\Foundation\\Application), Array, Object(Closure))\n#18 C:\\xampp\\htdocs\\hostel_manage\\vendor\\laravel\\framework\\src\\Illuminate\\Container\\Container.php(596): Illuminate\\Container\\BoundMethod::call(Object(Illuminate\\Foundation\\Application), Array, Array, NULL)\n#19 C:\\xampp\\htdocs\\hostel_manage\\vendor\\laravel\\framework\\src\\Illuminate\\Bus\\Dispatcher.php(94): Illuminate\\Container\\Container->call(Array)\n#20 C:\\xampp\\htdocs\\hostel_manage\\vendor\\laravel\\framework\\src\\Illuminate\\Pipeline\\Pipeline.php(128): Illuminate\\Bus\\Dispatcher->Illuminate\\Bus\\{closure}(Object(Illuminate\\Mail\\SendQueuedMailable))\n#21 C:\\xampp\\htdocs\\hostel_manage\\vendor\\laravel\\framework\\src\\Illuminate\\Pipeline\\Pipeline.php(103): Illuminate\\Pipeline\\Pipeline->Illuminate\\Pipeline\\{closure}(Object(Illuminate\\Mail\\SendQueuedMailable))\n#22 C:\\xampp\\htdocs\\hostel_manage\\vendor\\laravel\\framework\\src\\Illuminate\\Bus\\Dispatcher.php(98): Illuminate\\Pipeline\\Pipeline->then(Object(Closure))\n#23 C:\\xampp\\htdocs\\hostel_manage\\vendor\\laravel\\framework\\src\\Illuminate\\Queue\\CallQueuedHandler.php(83): Illuminate\\Bus\\Dispatcher->dispatchNow(Object(Illuminate\\Mail\\SendQueuedMailable), false)\n#24 C:\\xampp\\htdocs\\hostel_manage\\vendor\\laravel\\framework\\src\\Illuminate\\Pipeline\\Pipeline.php(128): Illuminate\\Queue\\CallQueuedHandler->Illuminate\\Queue\\{closure}(Object(Illuminate\\Mail\\SendQueuedMailable))\n#25 C:\\xampp\\htdocs\\hostel_manage\\vendor\\laravel\\framework\\src\\Illuminate\\Pipeline\\Pipeline.php(103): Illuminate\\Pipeline\\Pipeline->Illuminate\\Pipeline\\{closure}(Object(Illuminate\\Mail\\SendQueuedMailable))\n#26 C:\\xampp\\htdocs\\hostel_manage\\vendor\\laravel\\framework\\src\\Illuminate\\Queue\\CallQueuedHandler.php(85): Illuminate\\Pipeline\\Pipeline->then(Object(Closure))\n#27 C:\\xampp\\htdocs\\hostel_manage\\vendor\\laravel\\framework\\src\\Illuminate\\Queue\\CallQueuedHandler.php(59): Illuminate\\Queue\\CallQueuedHandler->dispatchThroughMiddleware(Object(Illuminate\\Queue\\Jobs\\DatabaseJob), Object(Illuminate\\Mail\\SendQueuedMailable))\n#28 C:\\xampp\\htdocs\\hostel_manage\\vendor\\laravel\\framework\\src\\Illuminate\\Queue\\Jobs\\Job.php(98): Illuminate\\Queue\\CallQueuedHandler->call(Object(Illuminate\\Queue\\Jobs\\DatabaseJob), Array)\n#29 C:\\xampp\\htdocs\\hostel_manage\\vendor\\laravel\\framework\\src\\Illuminate\\Queue\\Worker.php(356): Illuminate\\Queue\\Jobs\\Job->fire()\n#30 C:\\xampp\\htdocs\\hostel_manage\\vendor\\laravel\\framework\\src\\Illuminate\\Queue\\Worker.php(306): Illuminate\\Queue\\Worker->process(\'database\', Object(Illuminate\\Queue\\Jobs\\DatabaseJob), Object(Illuminate\\Queue\\WorkerOptions))\n#31 C:\\xampp\\htdocs\\hostel_manage\\vendor\\laravel\\framework\\src\\Illuminate\\Queue\\Worker.php(132): Illuminate\\Queue\\Worker->runJob(Object(Illuminate\\Queue\\Jobs\\DatabaseJob), \'database\', Object(Illuminate\\Queue\\WorkerOptions))\n#32 C:\\xampp\\htdocs\\hostel_manage\\vendor\\laravel\\framework\\src\\Illuminate\\Queue\\Console\\WorkCommand.php(112): Illuminate\\Queue\\Worker->daemon(\'database\', \'default\', Object(Illuminate\\Queue\\WorkerOptions))\n#33 C:\\xampp\\htdocs\\hostel_manage\\vendor\\laravel\\framework\\src\\Illuminate\\Queue\\Console\\WorkCommand.php(96): Illuminate\\Queue\\Console\\WorkCommand->runWorker(\'database\', \'default\')\n#34 C:\\xampp\\htdocs\\hostel_manage\\vendor\\laravel\\framework\\src\\Illuminate\\Container\\BoundMethod.php(36): Illuminate\\Queue\\Console\\WorkCommand->handle()\n#35 C:\\xampp\\htdocs\\hostel_manage\\vendor\\laravel\\framework\\src\\Illuminate\\Container\\Util.php(37): Illuminate\\Container\\BoundMethod::Illuminate\\Container\\{closure}()\n#36 C:\\xampp\\htdocs\\hostel_manage\\vendor\\laravel\\framework\\src\\Illuminate\\Container\\BoundMethod.php(93): Illuminate\\Container\\Util::unwrapIfClosure(Object(Closure))\n#37 C:\\xampp\\htdocs\\hostel_manage\\vendor\\laravel\\framework\\src\\Illuminate\\Container\\BoundMethod.php(37): Illuminate\\Container\\BoundMethod::callBoundMethod(Object(Illuminate\\Foundation\\Application), Array, Object(Closure))\n#38 C:\\xampp\\htdocs\\hostel_manage\\vendor\\laravel\\framework\\src\\Illuminate\\Container\\Container.php(596): Illuminate\\Container\\BoundMethod::call(Object(Illuminate\\Foundation\\Application), Array, Array, NULL)\n#39 C:\\xampp\\htdocs\\hostel_manage\\vendor\\laravel\\framework\\src\\Illuminate\\Console\\Command.php(134): Illuminate\\Container\\Container->call(Array)\n#40 C:\\xampp\\htdocs\\hostel_manage\\vendor\\symfony\\console\\Command\\Command.php(298): Illuminate\\Console\\Command->execute(Object(Symfony\\Component\\Console\\Input\\ArgvInput), Object(Illuminate\\Console\\OutputStyle))\n#41 C:\\xampp\\htdocs\\hostel_manage\\vendor\\laravel\\framework\\src\\Illuminate\\Console\\Command.php(121): Symfony\\Component\\Console\\Command\\Command->run(Object(Symfony\\Component\\Console\\Input\\ArgvInput), Object(Illuminate\\Console\\OutputStyle))\n#42 C:\\xampp\\htdocs\\hostel_manage\\vendor\\symfony\\console\\Application.php(1005): Illuminate\\Console\\Command->run(Object(Symfony\\Component\\Console\\Input\\ArgvInput), Object(Symfony\\Component\\Console\\Output\\ConsoleOutput))\n#43 C:\\xampp\\htdocs\\hostel_manage\\vendor\\symfony\\console\\Application.php(299): Symfony\\Component\\Console\\Application->doRunCommand(Object(Illuminate\\Queue\\Console\\WorkCommand), Object(Symfony\\Component\\Console\\Input\\ArgvInput), Object(Symfony\\Component\\Console\\Output\\ConsoleOutput))\n#44 C:\\xampp\\htdocs\\hostel_manage\\vendor\\symfony\\console\\Application.php(171): Symfony\\Component\\Console\\Application->doRun(Object(Symfony\\Component\\Console\\Input\\ArgvInput), Object(Symfony\\Component\\Console\\Output\\ConsoleOutput))\n#45 C:\\xampp\\htdocs\\hostel_manage\\vendor\\laravel\\framework\\src\\Illuminate\\Console\\Application.php(93): Symfony\\Component\\Console\\Application->run(Object(Symfony\\Component\\Console\\Input\\ArgvInput), Object(Symfony\\Component\\Console\\Output\\ConsoleOutput))\n#46 C:\\xampp\\htdocs\\hostel_manage\\vendor\\laravel\\framework\\src\\Illuminate\\Foundation\\Console\\Kernel.php(129): Illuminate\\Console\\Application->run(Object(Symfony\\Component\\Console\\Input\\ArgvInput), Object(Symfony\\Component\\Console\\Output\\ConsoleOutput))\n#47 C:\\xampp\\htdocs\\hostel_manage\\artisan(37): Illuminate\\Foundation\\Console\\Kernel->handle(Object(Symfony\\Component\\Console\\Input\\ArgvInput), Object(Symfony\\Component\\Console\\Output\\ConsoleOutput))\n#48 {main}', '2022-01-13 12:00:23');
INSERT INTO `failed_jobs` (`id`, `connection`, `queue`, `payload`, `exception`, `failed_at`) VALUES
(11, 'database', 'default', '{\"uuid\":\"72c30077-5bc8-4c79-92c2-871bec6f6b25\",\"displayName\":\"App\\\\Mail\\\\MailEngine\",\"job\":\"Illuminate\\\\Queue\\\\CallQueuedHandler@call\",\"maxTries\":null,\"maxExceptions\":null,\"delay\":null,\"timeout\":null,\"timeoutAt\":null,\"data\":{\"commandName\":\"Illuminate\\\\Mail\\\\SendQueuedMailable\",\"command\":\"O:34:\\\"Illuminate\\\\Mail\\\\SendQueuedMailable\\\":3:{s:8:\\\"mailable\\\";O:19:\\\"App\\\\Mail\\\\MailEngine\\\":26:{s:4:\\\"data\\\";a:4:{s:9:\\\"recipient\\\";s:22:\\\"2019ucp1429@mnit.ac.in\\\";s:7:\\\"subject\\\";N;s:7:\\\"message\\\";N;s:9:\\\"user_name\\\";s:13:\\\"Bangali Nillu\\\";}s:6:\\\"locale\\\";N;s:4:\\\"from\\\";a:0:{}s:2:\\\"to\\\";a:1:{i:0;a:2:{s:4:\\\"name\\\";N;s:7:\\\"address\\\";s:22:\\\"2019ucp1429@mnit.ac.in\\\";}}s:2:\\\"cc\\\";a:0:{}s:3:\\\"bcc\\\";a:0:{}s:7:\\\"replyTo\\\";a:0:{}s:7:\\\"subject\\\";N;s:11:\\\"\\u0000*\\u0000markdown\\\";N;s:7:\\\"\\u0000*\\u0000html\\\";N;s:4:\\\"view\\\";N;s:8:\\\"textView\\\";N;s:8:\\\"viewData\\\";a:0:{}s:11:\\\"attachments\\\";a:0:{}s:14:\\\"rawAttachments\\\";a:0:{}s:15:\\\"diskAttachments\\\";a:0:{}s:9:\\\"callbacks\\\";a:0:{}s:5:\\\"theme\\\";N;s:6:\\\"mailer\\\";s:4:\\\"smtp\\\";s:10:\\\"connection\\\";N;s:5:\\\"queue\\\";N;s:15:\\\"chainConnection\\\";N;s:10:\\\"chainQueue\\\";N;s:5:\\\"delay\\\";N;s:10:\\\"middleware\\\";a:0:{}s:7:\\\"chained\\\";a:0:{}}s:5:\\\"tries\\\";N;s:7:\\\"timeout\\\";N;}\"}}', 'ErrorException: Undefined variable: body in C:\\xampp\\htdocs\\hostel_manage\\storage\\framework\\views\\e463548453366a70a02c411fd0b939dc7f3e8e6a.php:3\nStack trace:\n#0 C:\\xampp\\htdocs\\hostel_manage\\storage\\framework\\views\\e463548453366a70a02c411fd0b939dc7f3e8e6a.php(3): Illuminate\\Foundation\\Bootstrap\\HandleExceptions->handleError(8, \'Undefined varia...\', \'C:\\\\xampp\\\\htdocs...\', 3, Array)\n#1 C:\\xampp\\htdocs\\hostel_manage\\vendor\\laravel\\framework\\src\\Illuminate\\View\\Engines\\PhpEngine.php(41): include(\'C:\\\\xampp\\\\htdocs...\')\n#2 C:\\xampp\\htdocs\\hostel_manage\\vendor\\laravel\\framework\\src\\Illuminate\\View\\Engines\\CompilerEngine.php(57): Illuminate\\View\\Engines\\PhpEngine->evaluatePath(\'C:\\\\xampp\\\\htdocs...\', Array)\n#3 C:\\xampp\\htdocs\\hostel_manage\\vendor\\facade\\ignition\\src\\Views\\Engines\\CompilerEngine.php(37): Illuminate\\View\\Engines\\CompilerEngine->get(\'C:\\\\xampp\\\\htdocs...\', Array)\n#4 C:\\xampp\\htdocs\\hostel_manage\\vendor\\laravel\\framework\\src\\Illuminate\\View\\View.php(139): Facade\\Ignition\\Views\\Engines\\CompilerEngine->get(\'C:\\\\xampp\\\\htdocs...\', Array)\n#5 C:\\xampp\\htdocs\\hostel_manage\\vendor\\laravel\\framework\\src\\Illuminate\\View\\View.php(122): Illuminate\\View\\View->getContents()\n#6 C:\\xampp\\htdocs\\hostel_manage\\vendor\\laravel\\framework\\src\\Illuminate\\View\\View.php(91): Illuminate\\View\\View->renderContents()\n#7 C:\\xampp\\htdocs\\hostel_manage\\vendor\\laravel\\framework\\src\\Illuminate\\Mail\\Markdown.php(64): Illuminate\\View\\View->render()\n#8 C:\\xampp\\htdocs\\hostel_manage\\vendor\\laravel\\framework\\src\\Illuminate\\Mail\\Mailable.php(295): Illuminate\\Mail\\Markdown->render(\'mess_template\', Array)\n#9 C:\\xampp\\htdocs\\hostel_manage\\vendor\\laravel\\framework\\src\\Illuminate\\Mail\\Mailable.php(265): Illuminate\\Mail\\Mailable->buildMarkdownView()\n#10 C:\\xampp\\htdocs\\hostel_manage\\vendor\\laravel\\framework\\src\\Illuminate\\Mail\\Mailable.php(171): Illuminate\\Mail\\Mailable->buildView()\n#11 C:\\xampp\\htdocs\\hostel_manage\\vendor\\laravel\\framework\\src\\Illuminate\\Support\\Traits\\Localizable.php(19): Illuminate\\Mail\\Mailable->Illuminate\\Mail\\{closure}()\n#12 C:\\xampp\\htdocs\\hostel_manage\\vendor\\laravel\\framework\\src\\Illuminate\\Mail\\Mailable.php(178): Illuminate\\Mail\\Mailable->withLocale(NULL, Object(Closure))\n#13 C:\\xampp\\htdocs\\hostel_manage\\vendor\\laravel\\framework\\src\\Illuminate\\Mail\\SendQueuedMailable.php(52): Illuminate\\Mail\\Mailable->send(Object(Illuminate\\Mail\\MailManager))\n#14 C:\\xampp\\htdocs\\hostel_manage\\vendor\\laravel\\framework\\src\\Illuminate\\Container\\BoundMethod.php(36): Illuminate\\Mail\\SendQueuedMailable->handle(Object(Illuminate\\Mail\\MailManager))\n#15 C:\\xampp\\htdocs\\hostel_manage\\vendor\\laravel\\framework\\src\\Illuminate\\Container\\Util.php(37): Illuminate\\Container\\BoundMethod::Illuminate\\Container\\{closure}()\n#16 C:\\xampp\\htdocs\\hostel_manage\\vendor\\laravel\\framework\\src\\Illuminate\\Container\\BoundMethod.php(93): Illuminate\\Container\\Util::unwrapIfClosure(Object(Closure))\n#17 C:\\xampp\\htdocs\\hostel_manage\\vendor\\laravel\\framework\\src\\Illuminate\\Container\\BoundMethod.php(37): Illuminate\\Container\\BoundMethod::callBoundMethod(Object(Illuminate\\Foundation\\Application), Array, Object(Closure))\n#18 C:\\xampp\\htdocs\\hostel_manage\\vendor\\laravel\\framework\\src\\Illuminate\\Container\\Container.php(596): Illuminate\\Container\\BoundMethod::call(Object(Illuminate\\Foundation\\Application), Array, Array, NULL)\n#19 C:\\xampp\\htdocs\\hostel_manage\\vendor\\laravel\\framework\\src\\Illuminate\\Bus\\Dispatcher.php(94): Illuminate\\Container\\Container->call(Array)\n#20 C:\\xampp\\htdocs\\hostel_manage\\vendor\\laravel\\framework\\src\\Illuminate\\Pipeline\\Pipeline.php(128): Illuminate\\Bus\\Dispatcher->Illuminate\\Bus\\{closure}(Object(Illuminate\\Mail\\SendQueuedMailable))\n#21 C:\\xampp\\htdocs\\hostel_manage\\vendor\\laravel\\framework\\src\\Illuminate\\Pipeline\\Pipeline.php(103): Illuminate\\Pipeline\\Pipeline->Illuminate\\Pipeline\\{closure}(Object(Illuminate\\Mail\\SendQueuedMailable))\n#22 C:\\xampp\\htdocs\\hostel_manage\\vendor\\laravel\\framework\\src\\Illuminate\\Bus\\Dispatcher.php(98): Illuminate\\Pipeline\\Pipeline->then(Object(Closure))\n#23 C:\\xampp\\htdocs\\hostel_manage\\vendor\\laravel\\framework\\src\\Illuminate\\Queue\\CallQueuedHandler.php(83): Illuminate\\Bus\\Dispatcher->dispatchNow(Object(Illuminate\\Mail\\SendQueuedMailable), false)\n#24 C:\\xampp\\htdocs\\hostel_manage\\vendor\\laravel\\framework\\src\\Illuminate\\Pipeline\\Pipeline.php(128): Illuminate\\Queue\\CallQueuedHandler->Illuminate\\Queue\\{closure}(Object(Illuminate\\Mail\\SendQueuedMailable))\n#25 C:\\xampp\\htdocs\\hostel_manage\\vendor\\laravel\\framework\\src\\Illuminate\\Pipeline\\Pipeline.php(103): Illuminate\\Pipeline\\Pipeline->Illuminate\\Pipeline\\{closure}(Object(Illuminate\\Mail\\SendQueuedMailable))\n#26 C:\\xampp\\htdocs\\hostel_manage\\vendor\\laravel\\framework\\src\\Illuminate\\Queue\\CallQueuedHandler.php(85): Illuminate\\Pipeline\\Pipeline->then(Object(Closure))\n#27 C:\\xampp\\htdocs\\hostel_manage\\vendor\\laravel\\framework\\src\\Illuminate\\Queue\\CallQueuedHandler.php(59): Illuminate\\Queue\\CallQueuedHandler->dispatchThroughMiddleware(Object(Illuminate\\Queue\\Jobs\\DatabaseJob), Object(Illuminate\\Mail\\SendQueuedMailable))\n#28 C:\\xampp\\htdocs\\hostel_manage\\vendor\\laravel\\framework\\src\\Illuminate\\Queue\\Jobs\\Job.php(98): Illuminate\\Queue\\CallQueuedHandler->call(Object(Illuminate\\Queue\\Jobs\\DatabaseJob), Array)\n#29 C:\\xampp\\htdocs\\hostel_manage\\vendor\\laravel\\framework\\src\\Illuminate\\Queue\\Worker.php(356): Illuminate\\Queue\\Jobs\\Job->fire()\n#30 C:\\xampp\\htdocs\\hostel_manage\\vendor\\laravel\\framework\\src\\Illuminate\\Queue\\Worker.php(306): Illuminate\\Queue\\Worker->process(\'database\', Object(Illuminate\\Queue\\Jobs\\DatabaseJob), Object(Illuminate\\Queue\\WorkerOptions))\n#31 C:\\xampp\\htdocs\\hostel_manage\\vendor\\laravel\\framework\\src\\Illuminate\\Queue\\Worker.php(132): Illuminate\\Queue\\Worker->runJob(Object(Illuminate\\Queue\\Jobs\\DatabaseJob), \'database\', Object(Illuminate\\Queue\\WorkerOptions))\n#32 C:\\xampp\\htdocs\\hostel_manage\\vendor\\laravel\\framework\\src\\Illuminate\\Queue\\Console\\WorkCommand.php(112): Illuminate\\Queue\\Worker->daemon(\'database\', \'default\', Object(Illuminate\\Queue\\WorkerOptions))\n#33 C:\\xampp\\htdocs\\hostel_manage\\vendor\\laravel\\framework\\src\\Illuminate\\Queue\\Console\\WorkCommand.php(96): Illuminate\\Queue\\Console\\WorkCommand->runWorker(\'database\', \'default\')\n#34 C:\\xampp\\htdocs\\hostel_manage\\vendor\\laravel\\framework\\src\\Illuminate\\Container\\BoundMethod.php(36): Illuminate\\Queue\\Console\\WorkCommand->handle()\n#35 C:\\xampp\\htdocs\\hostel_manage\\vendor\\laravel\\framework\\src\\Illuminate\\Container\\Util.php(37): Illuminate\\Container\\BoundMethod::Illuminate\\Container\\{closure}()\n#36 C:\\xampp\\htdocs\\hostel_manage\\vendor\\laravel\\framework\\src\\Illuminate\\Container\\BoundMethod.php(93): Illuminate\\Container\\Util::unwrapIfClosure(Object(Closure))\n#37 C:\\xampp\\htdocs\\hostel_manage\\vendor\\laravel\\framework\\src\\Illuminate\\Container\\BoundMethod.php(37): Illuminate\\Container\\BoundMethod::callBoundMethod(Object(Illuminate\\Foundation\\Application), Array, Object(Closure))\n#38 C:\\xampp\\htdocs\\hostel_manage\\vendor\\laravel\\framework\\src\\Illuminate\\Container\\Container.php(596): Illuminate\\Container\\BoundMethod::call(Object(Illuminate\\Foundation\\Application), Array, Array, NULL)\n#39 C:\\xampp\\htdocs\\hostel_manage\\vendor\\laravel\\framework\\src\\Illuminate\\Console\\Command.php(134): Illuminate\\Container\\Container->call(Array)\n#40 C:\\xampp\\htdocs\\hostel_manage\\vendor\\symfony\\console\\Command\\Command.php(298): Illuminate\\Console\\Command->execute(Object(Symfony\\Component\\Console\\Input\\ArgvInput), Object(Illuminate\\Console\\OutputStyle))\n#41 C:\\xampp\\htdocs\\hostel_manage\\vendor\\laravel\\framework\\src\\Illuminate\\Console\\Command.php(121): Symfony\\Component\\Console\\Command\\Command->run(Object(Symfony\\Component\\Console\\Input\\ArgvInput), Object(Illuminate\\Console\\OutputStyle))\n#42 C:\\xampp\\htdocs\\hostel_manage\\vendor\\symfony\\console\\Application.php(1005): Illuminate\\Console\\Command->run(Object(Symfony\\Component\\Console\\Input\\ArgvInput), Object(Symfony\\Component\\Console\\Output\\ConsoleOutput))\n#43 C:\\xampp\\htdocs\\hostel_manage\\vendor\\symfony\\console\\Application.php(299): Symfony\\Component\\Console\\Application->doRunCommand(Object(Illuminate\\Queue\\Console\\WorkCommand), Object(Symfony\\Component\\Console\\Input\\ArgvInput), Object(Symfony\\Component\\Console\\Output\\ConsoleOutput))\n#44 C:\\xampp\\htdocs\\hostel_manage\\vendor\\symfony\\console\\Application.php(171): Symfony\\Component\\Console\\Application->doRun(Object(Symfony\\Component\\Console\\Input\\ArgvInput), Object(Symfony\\Component\\Console\\Output\\ConsoleOutput))\n#45 C:\\xampp\\htdocs\\hostel_manage\\vendor\\laravel\\framework\\src\\Illuminate\\Console\\Application.php(93): Symfony\\Component\\Console\\Application->run(Object(Symfony\\Component\\Console\\Input\\ArgvInput), Object(Symfony\\Component\\Console\\Output\\ConsoleOutput))\n#46 C:\\xampp\\htdocs\\hostel_manage\\vendor\\laravel\\framework\\src\\Illuminate\\Foundation\\Console\\Kernel.php(129): Illuminate\\Console\\Application->run(Object(Symfony\\Component\\Console\\Input\\ArgvInput), Object(Symfony\\Component\\Console\\Output\\ConsoleOutput))\n#47 C:\\xampp\\htdocs\\hostel_manage\\artisan(37): Illuminate\\Foundation\\Console\\Kernel->handle(Object(Symfony\\Component\\Console\\Input\\ArgvInput), Object(Symfony\\Component\\Console\\Output\\ConsoleOutput))\n#48 {main}\n\nNext Facade\\Ignition\\Exceptions\\ViewException: Undefined variable: body (View: C:\\xampp\\htdocs\\hostel_manage\\resources\\views\\mess_template.blade.php) in C:\\xampp\\htdocs\\hostel_manage\\resources\\views/mess_template.blade.php:3\nStack trace:\n#0 C:\\xampp\\htdocs\\hostel_manage\\resources\\views/mess_template.blade.php(3): Illuminate\\Foundation\\Bootstrap\\HandleExceptions->handleError(8, \'Undefined varia...\', \'C:\\\\xampp\\\\htdocs...\', 3, Array)\n#1 C:\\xampp\\htdocs\\hostel_manage\\vendor\\laravel\\framework\\src\\Illuminate\\View\\Engines\\PhpEngine.php(41): include(\'C:\\\\xampp\\\\htdocs...\')\n#2 C:\\xampp\\htdocs\\hostel_manage\\vendor\\laravel\\framework\\src\\Illuminate\\View\\Engines\\CompilerEngine.php(57): Illuminate\\View\\Engines\\PhpEngine->evaluatePath(\'C:\\\\xampp\\\\htdocs...\', Array)\n#3 C:\\xampp\\htdocs\\hostel_manage\\vendor\\facade\\ignition\\src\\Views\\Engines\\CompilerEngine.php(37): Illuminate\\View\\Engines\\CompilerEngine->get(\'C:\\\\xampp\\\\htdocs...\', Array)\n#4 C:\\xampp\\htdocs\\hostel_manage\\vendor\\laravel\\framework\\src\\Illuminate\\View\\View.php(139): Facade\\Ignition\\Views\\Engines\\CompilerEngine->get(\'C:\\\\xampp\\\\htdocs...\', Array)\n#5 C:\\xampp\\htdocs\\hostel_manage\\vendor\\laravel\\framework\\src\\Illuminate\\View\\View.php(122): Illuminate\\View\\View->getContents()\n#6 C:\\xampp\\htdocs\\hostel_manage\\vendor\\laravel\\framework\\src\\Illuminate\\View\\View.php(91): Illuminate\\View\\View->renderContents()\n#7 C:\\xampp\\htdocs\\hostel_manage\\vendor\\laravel\\framework\\src\\Illuminate\\Mail\\Markdown.php(64): Illuminate\\View\\View->render()\n#8 C:\\xampp\\htdocs\\hostel_manage\\vendor\\laravel\\framework\\src\\Illuminate\\Mail\\Mailable.php(295): Illuminate\\Mail\\Markdown->render(\'mess_template\', Array)\n#9 C:\\xampp\\htdocs\\hostel_manage\\vendor\\laravel\\framework\\src\\Illuminate\\Mail\\Mailable.php(265): Illuminate\\Mail\\Mailable->buildMarkdownView()\n#10 C:\\xampp\\htdocs\\hostel_manage\\vendor\\laravel\\framework\\src\\Illuminate\\Mail\\Mailable.php(171): Illuminate\\Mail\\Mailable->buildView()\n#11 C:\\xampp\\htdocs\\hostel_manage\\vendor\\laravel\\framework\\src\\Illuminate\\Support\\Traits\\Localizable.php(19): Illuminate\\Mail\\Mailable->Illuminate\\Mail\\{closure}()\n#12 C:\\xampp\\htdocs\\hostel_manage\\vendor\\laravel\\framework\\src\\Illuminate\\Mail\\Mailable.php(178): Illuminate\\Mail\\Mailable->withLocale(NULL, Object(Closure))\n#13 C:\\xampp\\htdocs\\hostel_manage\\vendor\\laravel\\framework\\src\\Illuminate\\Mail\\SendQueuedMailable.php(52): Illuminate\\Mail\\Mailable->send(Object(Illuminate\\Mail\\MailManager))\n#14 C:\\xampp\\htdocs\\hostel_manage\\vendor\\laravel\\framework\\src\\Illuminate\\Container\\BoundMethod.php(36): Illuminate\\Mail\\SendQueuedMailable->handle(Object(Illuminate\\Mail\\MailManager))\n#15 C:\\xampp\\htdocs\\hostel_manage\\vendor\\laravel\\framework\\src\\Illuminate\\Container\\Util.php(37): Illuminate\\Container\\BoundMethod::Illuminate\\Container\\{closure}()\n#16 C:\\xampp\\htdocs\\hostel_manage\\vendor\\laravel\\framework\\src\\Illuminate\\Container\\BoundMethod.php(93): Illuminate\\Container\\Util::unwrapIfClosure(Object(Closure))\n#17 C:\\xampp\\htdocs\\hostel_manage\\vendor\\laravel\\framework\\src\\Illuminate\\Container\\BoundMethod.php(37): Illuminate\\Container\\BoundMethod::callBoundMethod(Object(Illuminate\\Foundation\\Application), Array, Object(Closure))\n#18 C:\\xampp\\htdocs\\hostel_manage\\vendor\\laravel\\framework\\src\\Illuminate\\Container\\Container.php(596): Illuminate\\Container\\BoundMethod::call(Object(Illuminate\\Foundation\\Application), Array, Array, NULL)\n#19 C:\\xampp\\htdocs\\hostel_manage\\vendor\\laravel\\framework\\src\\Illuminate\\Bus\\Dispatcher.php(94): Illuminate\\Container\\Container->call(Array)\n#20 C:\\xampp\\htdocs\\hostel_manage\\vendor\\laravel\\framework\\src\\Illuminate\\Pipeline\\Pipeline.php(128): Illuminate\\Bus\\Dispatcher->Illuminate\\Bus\\{closure}(Object(Illuminate\\Mail\\SendQueuedMailable))\n#21 C:\\xampp\\htdocs\\hostel_manage\\vendor\\laravel\\framework\\src\\Illuminate\\Pipeline\\Pipeline.php(103): Illuminate\\Pipeline\\Pipeline->Illuminate\\Pipeline\\{closure}(Object(Illuminate\\Mail\\SendQueuedMailable))\n#22 C:\\xampp\\htdocs\\hostel_manage\\vendor\\laravel\\framework\\src\\Illuminate\\Bus\\Dispatcher.php(98): Illuminate\\Pipeline\\Pipeline->then(Object(Closure))\n#23 C:\\xampp\\htdocs\\hostel_manage\\vendor\\laravel\\framework\\src\\Illuminate\\Queue\\CallQueuedHandler.php(83): Illuminate\\Bus\\Dispatcher->dispatchNow(Object(Illuminate\\Mail\\SendQueuedMailable), false)\n#24 C:\\xampp\\htdocs\\hostel_manage\\vendor\\laravel\\framework\\src\\Illuminate\\Pipeline\\Pipeline.php(128): Illuminate\\Queue\\CallQueuedHandler->Illuminate\\Queue\\{closure}(Object(Illuminate\\Mail\\SendQueuedMailable))\n#25 C:\\xampp\\htdocs\\hostel_manage\\vendor\\laravel\\framework\\src\\Illuminate\\Pipeline\\Pipeline.php(103): Illuminate\\Pipeline\\Pipeline->Illuminate\\Pipeline\\{closure}(Object(Illuminate\\Mail\\SendQueuedMailable))\n#26 C:\\xampp\\htdocs\\hostel_manage\\vendor\\laravel\\framework\\src\\Illuminate\\Queue\\CallQueuedHandler.php(85): Illuminate\\Pipeline\\Pipeline->then(Object(Closure))\n#27 C:\\xampp\\htdocs\\hostel_manage\\vendor\\laravel\\framework\\src\\Illuminate\\Queue\\CallQueuedHandler.php(59): Illuminate\\Queue\\CallQueuedHandler->dispatchThroughMiddleware(Object(Illuminate\\Queue\\Jobs\\DatabaseJob), Object(Illuminate\\Mail\\SendQueuedMailable))\n#28 C:\\xampp\\htdocs\\hostel_manage\\vendor\\laravel\\framework\\src\\Illuminate\\Queue\\Jobs\\Job.php(98): Illuminate\\Queue\\CallQueuedHandler->call(Object(Illuminate\\Queue\\Jobs\\DatabaseJob), Array)\n#29 C:\\xampp\\htdocs\\hostel_manage\\vendor\\laravel\\framework\\src\\Illuminate\\Queue\\Worker.php(356): Illuminate\\Queue\\Jobs\\Job->fire()\n#30 C:\\xampp\\htdocs\\hostel_manage\\vendor\\laravel\\framework\\src\\Illuminate\\Queue\\Worker.php(306): Illuminate\\Queue\\Worker->process(\'database\', Object(Illuminate\\Queue\\Jobs\\DatabaseJob), Object(Illuminate\\Queue\\WorkerOptions))\n#31 C:\\xampp\\htdocs\\hostel_manage\\vendor\\laravel\\framework\\src\\Illuminate\\Queue\\Worker.php(132): Illuminate\\Queue\\Worker->runJob(Object(Illuminate\\Queue\\Jobs\\DatabaseJob), \'database\', Object(Illuminate\\Queue\\WorkerOptions))\n#32 C:\\xampp\\htdocs\\hostel_manage\\vendor\\laravel\\framework\\src\\Illuminate\\Queue\\Console\\WorkCommand.php(112): Illuminate\\Queue\\Worker->daemon(\'database\', \'default\', Object(Illuminate\\Queue\\WorkerOptions))\n#33 C:\\xampp\\htdocs\\hostel_manage\\vendor\\laravel\\framework\\src\\Illuminate\\Queue\\Console\\WorkCommand.php(96): Illuminate\\Queue\\Console\\WorkCommand->runWorker(\'database\', \'default\')\n#34 C:\\xampp\\htdocs\\hostel_manage\\vendor\\laravel\\framework\\src\\Illuminate\\Container\\BoundMethod.php(36): Illuminate\\Queue\\Console\\WorkCommand->handle()\n#35 C:\\xampp\\htdocs\\hostel_manage\\vendor\\laravel\\framework\\src\\Illuminate\\Container\\Util.php(37): Illuminate\\Container\\BoundMethod::Illuminate\\Container\\{closure}()\n#36 C:\\xampp\\htdocs\\hostel_manage\\vendor\\laravel\\framework\\src\\Illuminate\\Container\\BoundMethod.php(93): Illuminate\\Container\\Util::unwrapIfClosure(Object(Closure))\n#37 C:\\xampp\\htdocs\\hostel_manage\\vendor\\laravel\\framework\\src\\Illuminate\\Container\\BoundMethod.php(37): Illuminate\\Container\\BoundMethod::callBoundMethod(Object(Illuminate\\Foundation\\Application), Array, Object(Closure))\n#38 C:\\xampp\\htdocs\\hostel_manage\\vendor\\laravel\\framework\\src\\Illuminate\\Container\\Container.php(596): Illuminate\\Container\\BoundMethod::call(Object(Illuminate\\Foundation\\Application), Array, Array, NULL)\n#39 C:\\xampp\\htdocs\\hostel_manage\\vendor\\laravel\\framework\\src\\Illuminate\\Console\\Command.php(134): Illuminate\\Container\\Container->call(Array)\n#40 C:\\xampp\\htdocs\\hostel_manage\\vendor\\symfony\\console\\Command\\Command.php(298): Illuminate\\Console\\Command->execute(Object(Symfony\\Component\\Console\\Input\\ArgvInput), Object(Illuminate\\Console\\OutputStyle))\n#41 C:\\xampp\\htdocs\\hostel_manage\\vendor\\laravel\\framework\\src\\Illuminate\\Console\\Command.php(121): Symfony\\Component\\Console\\Command\\Command->run(Object(Symfony\\Component\\Console\\Input\\ArgvInput), Object(Illuminate\\Console\\OutputStyle))\n#42 C:\\xampp\\htdocs\\hostel_manage\\vendor\\symfony\\console\\Application.php(1005): Illuminate\\Console\\Command->run(Object(Symfony\\Component\\Console\\Input\\ArgvInput), Object(Symfony\\Component\\Console\\Output\\ConsoleOutput))\n#43 C:\\xampp\\htdocs\\hostel_manage\\vendor\\symfony\\console\\Application.php(299): Symfony\\Component\\Console\\Application->doRunCommand(Object(Illuminate\\Queue\\Console\\WorkCommand), Object(Symfony\\Component\\Console\\Input\\ArgvInput), Object(Symfony\\Component\\Console\\Output\\ConsoleOutput))\n#44 C:\\xampp\\htdocs\\hostel_manage\\vendor\\symfony\\console\\Application.php(171): Symfony\\Component\\Console\\Application->doRun(Object(Symfony\\Component\\Console\\Input\\ArgvInput), Object(Symfony\\Component\\Console\\Output\\ConsoleOutput))\n#45 C:\\xampp\\htdocs\\hostel_manage\\vendor\\laravel\\framework\\src\\Illuminate\\Console\\Application.php(93): Symfony\\Component\\Console\\Application->run(Object(Symfony\\Component\\Console\\Input\\ArgvInput), Object(Symfony\\Component\\Console\\Output\\ConsoleOutput))\n#46 C:\\xampp\\htdocs\\hostel_manage\\vendor\\laravel\\framework\\src\\Illuminate\\Foundation\\Console\\Kernel.php(129): Illuminate\\Console\\Application->run(Object(Symfony\\Component\\Console\\Input\\ArgvInput), Object(Symfony\\Component\\Console\\Output\\ConsoleOutput))\n#47 C:\\xampp\\htdocs\\hostel_manage\\artisan(37): Illuminate\\Foundation\\Console\\Kernel->handle(Object(Symfony\\Component\\Console\\Input\\ArgvInput), Object(Symfony\\Component\\Console\\Output\\ConsoleOutput))\n#48 {main}', '2022-01-13 12:01:49'),
(12, 'database', 'default', '{\"uuid\":\"f40c0409-d3b9-4451-8d5f-461ab231bc5a\",\"displayName\":\"App\\\\Mail\\\\MailEngine\",\"job\":\"Illuminate\\\\Queue\\\\CallQueuedHandler@call\",\"maxTries\":null,\"maxExceptions\":null,\"delay\":null,\"timeout\":null,\"timeoutAt\":null,\"data\":{\"commandName\":\"Illuminate\\\\Mail\\\\SendQueuedMailable\",\"command\":\"O:34:\\\"Illuminate\\\\Mail\\\\SendQueuedMailable\\\":3:{s:8:\\\"mailable\\\";O:19:\\\"App\\\\Mail\\\\MailEngine\\\":26:{s:4:\\\"data\\\";a:4:{s:9:\\\"recipient\\\";s:22:\\\"2019ucp1429@mnit.ac.in\\\";s:7:\\\"subject\\\";N;s:7:\\\"message\\\";N;s:9:\\\"user_name\\\";s:13:\\\"Bangali Nillu\\\";}s:6:\\\"locale\\\";N;s:4:\\\"from\\\";a:0:{}s:2:\\\"to\\\";a:1:{i:0;a:2:{s:4:\\\"name\\\";N;s:7:\\\"address\\\";s:22:\\\"2019ucp1429@mnit.ac.in\\\";}}s:2:\\\"cc\\\";a:0:{}s:3:\\\"bcc\\\";a:0:{}s:7:\\\"replyTo\\\";a:0:{}s:7:\\\"subject\\\";N;s:11:\\\"\\u0000*\\u0000markdown\\\";N;s:7:\\\"\\u0000*\\u0000html\\\";N;s:4:\\\"view\\\";N;s:8:\\\"textView\\\";N;s:8:\\\"viewData\\\";a:0:{}s:11:\\\"attachments\\\";a:0:{}s:14:\\\"rawAttachments\\\";a:0:{}s:15:\\\"diskAttachments\\\";a:0:{}s:9:\\\"callbacks\\\";a:0:{}s:5:\\\"theme\\\";N;s:6:\\\"mailer\\\";s:4:\\\"smtp\\\";s:10:\\\"connection\\\";N;s:5:\\\"queue\\\";N;s:15:\\\"chainConnection\\\";N;s:10:\\\"chainQueue\\\";N;s:5:\\\"delay\\\";N;s:10:\\\"middleware\\\";a:0:{}s:7:\\\"chained\\\";a:0:{}}s:5:\\\"tries\\\";N;s:7:\\\"timeout\\\";N;}\"}}', 'ErrorException: Undefined variable: body in C:\\xampp\\htdocs\\hostel_manage\\storage\\framework\\views\\e463548453366a70a02c411fd0b939dc7f3e8e6a.php:3\nStack trace:\n#0 C:\\xampp\\htdocs\\hostel_manage\\storage\\framework\\views\\e463548453366a70a02c411fd0b939dc7f3e8e6a.php(3): Illuminate\\Foundation\\Bootstrap\\HandleExceptions->handleError(8, \'Undefined varia...\', \'C:\\\\xampp\\\\htdocs...\', 3, Array)\n#1 C:\\xampp\\htdocs\\hostel_manage\\vendor\\laravel\\framework\\src\\Illuminate\\View\\Engines\\PhpEngine.php(41): include(\'C:\\\\xampp\\\\htdocs...\')\n#2 C:\\xampp\\htdocs\\hostel_manage\\vendor\\laravel\\framework\\src\\Illuminate\\View\\Engines\\CompilerEngine.php(57): Illuminate\\View\\Engines\\PhpEngine->evaluatePath(\'C:\\\\xampp\\\\htdocs...\', Array)\n#3 C:\\xampp\\htdocs\\hostel_manage\\vendor\\facade\\ignition\\src\\Views\\Engines\\CompilerEngine.php(37): Illuminate\\View\\Engines\\CompilerEngine->get(\'C:\\\\xampp\\\\htdocs...\', Array)\n#4 C:\\xampp\\htdocs\\hostel_manage\\vendor\\laravel\\framework\\src\\Illuminate\\View\\View.php(139): Facade\\Ignition\\Views\\Engines\\CompilerEngine->get(\'C:\\\\xampp\\\\htdocs...\', Array)\n#5 C:\\xampp\\htdocs\\hostel_manage\\vendor\\laravel\\framework\\src\\Illuminate\\View\\View.php(122): Illuminate\\View\\View->getContents()\n#6 C:\\xampp\\htdocs\\hostel_manage\\vendor\\laravel\\framework\\src\\Illuminate\\View\\View.php(91): Illuminate\\View\\View->renderContents()\n#7 C:\\xampp\\htdocs\\hostel_manage\\vendor\\laravel\\framework\\src\\Illuminate\\Mail\\Markdown.php(64): Illuminate\\View\\View->render()\n#8 C:\\xampp\\htdocs\\hostel_manage\\vendor\\laravel\\framework\\src\\Illuminate\\Mail\\Mailable.php(295): Illuminate\\Mail\\Markdown->render(\'mess_template\', Array)\n#9 C:\\xampp\\htdocs\\hostel_manage\\vendor\\laravel\\framework\\src\\Illuminate\\Mail\\Mailable.php(265): Illuminate\\Mail\\Mailable->buildMarkdownView()\n#10 C:\\xampp\\htdocs\\hostel_manage\\vendor\\laravel\\framework\\src\\Illuminate\\Mail\\Mailable.php(171): Illuminate\\Mail\\Mailable->buildView()\n#11 C:\\xampp\\htdocs\\hostel_manage\\vendor\\laravel\\framework\\src\\Illuminate\\Support\\Traits\\Localizable.php(19): Illuminate\\Mail\\Mailable->Illuminate\\Mail\\{closure}()\n#12 C:\\xampp\\htdocs\\hostel_manage\\vendor\\laravel\\framework\\src\\Illuminate\\Mail\\Mailable.php(178): Illuminate\\Mail\\Mailable->withLocale(NULL, Object(Closure))\n#13 C:\\xampp\\htdocs\\hostel_manage\\vendor\\laravel\\framework\\src\\Illuminate\\Mail\\SendQueuedMailable.php(52): Illuminate\\Mail\\Mailable->send(Object(Illuminate\\Mail\\MailManager))\n#14 C:\\xampp\\htdocs\\hostel_manage\\vendor\\laravel\\framework\\src\\Illuminate\\Container\\BoundMethod.php(36): Illuminate\\Mail\\SendQueuedMailable->handle(Object(Illuminate\\Mail\\MailManager))\n#15 C:\\xampp\\htdocs\\hostel_manage\\vendor\\laravel\\framework\\src\\Illuminate\\Container\\Util.php(37): Illuminate\\Container\\BoundMethod::Illuminate\\Container\\{closure}()\n#16 C:\\xampp\\htdocs\\hostel_manage\\vendor\\laravel\\framework\\src\\Illuminate\\Container\\BoundMethod.php(93): Illuminate\\Container\\Util::unwrapIfClosure(Object(Closure))\n#17 C:\\xampp\\htdocs\\hostel_manage\\vendor\\laravel\\framework\\src\\Illuminate\\Container\\BoundMethod.php(37): Illuminate\\Container\\BoundMethod::callBoundMethod(Object(Illuminate\\Foundation\\Application), Array, Object(Closure))\n#18 C:\\xampp\\htdocs\\hostel_manage\\vendor\\laravel\\framework\\src\\Illuminate\\Container\\Container.php(596): Illuminate\\Container\\BoundMethod::call(Object(Illuminate\\Foundation\\Application), Array, Array, NULL)\n#19 C:\\xampp\\htdocs\\hostel_manage\\vendor\\laravel\\framework\\src\\Illuminate\\Bus\\Dispatcher.php(94): Illuminate\\Container\\Container->call(Array)\n#20 C:\\xampp\\htdocs\\hostel_manage\\vendor\\laravel\\framework\\src\\Illuminate\\Pipeline\\Pipeline.php(128): Illuminate\\Bus\\Dispatcher->Illuminate\\Bus\\{closure}(Object(Illuminate\\Mail\\SendQueuedMailable))\n#21 C:\\xampp\\htdocs\\hostel_manage\\vendor\\laravel\\framework\\src\\Illuminate\\Pipeline\\Pipeline.php(103): Illuminate\\Pipeline\\Pipeline->Illuminate\\Pipeline\\{closure}(Object(Illuminate\\Mail\\SendQueuedMailable))\n#22 C:\\xampp\\htdocs\\hostel_manage\\vendor\\laravel\\framework\\src\\Illuminate\\Bus\\Dispatcher.php(98): Illuminate\\Pipeline\\Pipeline->then(Object(Closure))\n#23 C:\\xampp\\htdocs\\hostel_manage\\vendor\\laravel\\framework\\src\\Illuminate\\Queue\\CallQueuedHandler.php(83): Illuminate\\Bus\\Dispatcher->dispatchNow(Object(Illuminate\\Mail\\SendQueuedMailable), false)\n#24 C:\\xampp\\htdocs\\hostel_manage\\vendor\\laravel\\framework\\src\\Illuminate\\Pipeline\\Pipeline.php(128): Illuminate\\Queue\\CallQueuedHandler->Illuminate\\Queue\\{closure}(Object(Illuminate\\Mail\\SendQueuedMailable))\n#25 C:\\xampp\\htdocs\\hostel_manage\\vendor\\laravel\\framework\\src\\Illuminate\\Pipeline\\Pipeline.php(103): Illuminate\\Pipeline\\Pipeline->Illuminate\\Pipeline\\{closure}(Object(Illuminate\\Mail\\SendQueuedMailable))\n#26 C:\\xampp\\htdocs\\hostel_manage\\vendor\\laravel\\framework\\src\\Illuminate\\Queue\\CallQueuedHandler.php(85): Illuminate\\Pipeline\\Pipeline->then(Object(Closure))\n#27 C:\\xampp\\htdocs\\hostel_manage\\vendor\\laravel\\framework\\src\\Illuminate\\Queue\\CallQueuedHandler.php(59): Illuminate\\Queue\\CallQueuedHandler->dispatchThroughMiddleware(Object(Illuminate\\Queue\\Jobs\\DatabaseJob), Object(Illuminate\\Mail\\SendQueuedMailable))\n#28 C:\\xampp\\htdocs\\hostel_manage\\vendor\\laravel\\framework\\src\\Illuminate\\Queue\\Jobs\\Job.php(98): Illuminate\\Queue\\CallQueuedHandler->call(Object(Illuminate\\Queue\\Jobs\\DatabaseJob), Array)\n#29 C:\\xampp\\htdocs\\hostel_manage\\vendor\\laravel\\framework\\src\\Illuminate\\Queue\\Worker.php(356): Illuminate\\Queue\\Jobs\\Job->fire()\n#30 C:\\xampp\\htdocs\\hostel_manage\\vendor\\laravel\\framework\\src\\Illuminate\\Queue\\Worker.php(306): Illuminate\\Queue\\Worker->process(\'database\', Object(Illuminate\\Queue\\Jobs\\DatabaseJob), Object(Illuminate\\Queue\\WorkerOptions))\n#31 C:\\xampp\\htdocs\\hostel_manage\\vendor\\laravel\\framework\\src\\Illuminate\\Queue\\Worker.php(132): Illuminate\\Queue\\Worker->runJob(Object(Illuminate\\Queue\\Jobs\\DatabaseJob), \'database\', Object(Illuminate\\Queue\\WorkerOptions))\n#32 C:\\xampp\\htdocs\\hostel_manage\\vendor\\laravel\\framework\\src\\Illuminate\\Queue\\Console\\WorkCommand.php(112): Illuminate\\Queue\\Worker->daemon(\'database\', \'default\', Object(Illuminate\\Queue\\WorkerOptions))\n#33 C:\\xampp\\htdocs\\hostel_manage\\vendor\\laravel\\framework\\src\\Illuminate\\Queue\\Console\\WorkCommand.php(96): Illuminate\\Queue\\Console\\WorkCommand->runWorker(\'database\', \'default\')\n#34 C:\\xampp\\htdocs\\hostel_manage\\vendor\\laravel\\framework\\src\\Illuminate\\Container\\BoundMethod.php(36): Illuminate\\Queue\\Console\\WorkCommand->handle()\n#35 C:\\xampp\\htdocs\\hostel_manage\\vendor\\laravel\\framework\\src\\Illuminate\\Container\\Util.php(37): Illuminate\\Container\\BoundMethod::Illuminate\\Container\\{closure}()\n#36 C:\\xampp\\htdocs\\hostel_manage\\vendor\\laravel\\framework\\src\\Illuminate\\Container\\BoundMethod.php(93): Illuminate\\Container\\Util::unwrapIfClosure(Object(Closure))\n#37 C:\\xampp\\htdocs\\hostel_manage\\vendor\\laravel\\framework\\src\\Illuminate\\Container\\BoundMethod.php(37): Illuminate\\Container\\BoundMethod::callBoundMethod(Object(Illuminate\\Foundation\\Application), Array, Object(Closure))\n#38 C:\\xampp\\htdocs\\hostel_manage\\vendor\\laravel\\framework\\src\\Illuminate\\Container\\Container.php(596): Illuminate\\Container\\BoundMethod::call(Object(Illuminate\\Foundation\\Application), Array, Array, NULL)\n#39 C:\\xampp\\htdocs\\hostel_manage\\vendor\\laravel\\framework\\src\\Illuminate\\Console\\Command.php(134): Illuminate\\Container\\Container->call(Array)\n#40 C:\\xampp\\htdocs\\hostel_manage\\vendor\\symfony\\console\\Command\\Command.php(298): Illuminate\\Console\\Command->execute(Object(Symfony\\Component\\Console\\Input\\ArgvInput), Object(Illuminate\\Console\\OutputStyle))\n#41 C:\\xampp\\htdocs\\hostel_manage\\vendor\\laravel\\framework\\src\\Illuminate\\Console\\Command.php(121): Symfony\\Component\\Console\\Command\\Command->run(Object(Symfony\\Component\\Console\\Input\\ArgvInput), Object(Illuminate\\Console\\OutputStyle))\n#42 C:\\xampp\\htdocs\\hostel_manage\\vendor\\symfony\\console\\Application.php(1005): Illuminate\\Console\\Command->run(Object(Symfony\\Component\\Console\\Input\\ArgvInput), Object(Symfony\\Component\\Console\\Output\\ConsoleOutput))\n#43 C:\\xampp\\htdocs\\hostel_manage\\vendor\\symfony\\console\\Application.php(299): Symfony\\Component\\Console\\Application->doRunCommand(Object(Illuminate\\Queue\\Console\\WorkCommand), Object(Symfony\\Component\\Console\\Input\\ArgvInput), Object(Symfony\\Component\\Console\\Output\\ConsoleOutput))\n#44 C:\\xampp\\htdocs\\hostel_manage\\vendor\\symfony\\console\\Application.php(171): Symfony\\Component\\Console\\Application->doRun(Object(Symfony\\Component\\Console\\Input\\ArgvInput), Object(Symfony\\Component\\Console\\Output\\ConsoleOutput))\n#45 C:\\xampp\\htdocs\\hostel_manage\\vendor\\laravel\\framework\\src\\Illuminate\\Console\\Application.php(93): Symfony\\Component\\Console\\Application->run(Object(Symfony\\Component\\Console\\Input\\ArgvInput), Object(Symfony\\Component\\Console\\Output\\ConsoleOutput))\n#46 C:\\xampp\\htdocs\\hostel_manage\\vendor\\laravel\\framework\\src\\Illuminate\\Foundation\\Console\\Kernel.php(129): Illuminate\\Console\\Application->run(Object(Symfony\\Component\\Console\\Input\\ArgvInput), Object(Symfony\\Component\\Console\\Output\\ConsoleOutput))\n#47 C:\\xampp\\htdocs\\hostel_manage\\artisan(37): Illuminate\\Foundation\\Console\\Kernel->handle(Object(Symfony\\Component\\Console\\Input\\ArgvInput), Object(Symfony\\Component\\Console\\Output\\ConsoleOutput))\n#48 {main}\n\nNext Facade\\Ignition\\Exceptions\\ViewException: Undefined variable: body (View: C:\\xampp\\htdocs\\hostel_manage\\resources\\views\\mess_template.blade.php) in C:\\xampp\\htdocs\\hostel_manage\\resources\\views/mess_template.blade.php:3\nStack trace:\n#0 C:\\xampp\\htdocs\\hostel_manage\\resources\\views/mess_template.blade.php(3): Illuminate\\Foundation\\Bootstrap\\HandleExceptions->handleError(8, \'Undefined varia...\', \'C:\\\\xampp\\\\htdocs...\', 3, Array)\n#1 C:\\xampp\\htdocs\\hostel_manage\\vendor\\laravel\\framework\\src\\Illuminate\\View\\Engines\\PhpEngine.php(41): include(\'C:\\\\xampp\\\\htdocs...\')\n#2 C:\\xampp\\htdocs\\hostel_manage\\vendor\\laravel\\framework\\src\\Illuminate\\View\\Engines\\CompilerEngine.php(57): Illuminate\\View\\Engines\\PhpEngine->evaluatePath(\'C:\\\\xampp\\\\htdocs...\', Array)\n#3 C:\\xampp\\htdocs\\hostel_manage\\vendor\\facade\\ignition\\src\\Views\\Engines\\CompilerEngine.php(37): Illuminate\\View\\Engines\\CompilerEngine->get(\'C:\\\\xampp\\\\htdocs...\', Array)\n#4 C:\\xampp\\htdocs\\hostel_manage\\vendor\\laravel\\framework\\src\\Illuminate\\View\\View.php(139): Facade\\Ignition\\Views\\Engines\\CompilerEngine->get(\'C:\\\\xampp\\\\htdocs...\', Array)\n#5 C:\\xampp\\htdocs\\hostel_manage\\vendor\\laravel\\framework\\src\\Illuminate\\View\\View.php(122): Illuminate\\View\\View->getContents()\n#6 C:\\xampp\\htdocs\\hostel_manage\\vendor\\laravel\\framework\\src\\Illuminate\\View\\View.php(91): Illuminate\\View\\View->renderContents()\n#7 C:\\xampp\\htdocs\\hostel_manage\\vendor\\laravel\\framework\\src\\Illuminate\\Mail\\Markdown.php(64): Illuminate\\View\\View->render()\n#8 C:\\xampp\\htdocs\\hostel_manage\\vendor\\laravel\\framework\\src\\Illuminate\\Mail\\Mailable.php(295): Illuminate\\Mail\\Markdown->render(\'mess_template\', Array)\n#9 C:\\xampp\\htdocs\\hostel_manage\\vendor\\laravel\\framework\\src\\Illuminate\\Mail\\Mailable.php(265): Illuminate\\Mail\\Mailable->buildMarkdownView()\n#10 C:\\xampp\\htdocs\\hostel_manage\\vendor\\laravel\\framework\\src\\Illuminate\\Mail\\Mailable.php(171): Illuminate\\Mail\\Mailable->buildView()\n#11 C:\\xampp\\htdocs\\hostel_manage\\vendor\\laravel\\framework\\src\\Illuminate\\Support\\Traits\\Localizable.php(19): Illuminate\\Mail\\Mailable->Illuminate\\Mail\\{closure}()\n#12 C:\\xampp\\htdocs\\hostel_manage\\vendor\\laravel\\framework\\src\\Illuminate\\Mail\\Mailable.php(178): Illuminate\\Mail\\Mailable->withLocale(NULL, Object(Closure))\n#13 C:\\xampp\\htdocs\\hostel_manage\\vendor\\laravel\\framework\\src\\Illuminate\\Mail\\SendQueuedMailable.php(52): Illuminate\\Mail\\Mailable->send(Object(Illuminate\\Mail\\MailManager))\n#14 C:\\xampp\\htdocs\\hostel_manage\\vendor\\laravel\\framework\\src\\Illuminate\\Container\\BoundMethod.php(36): Illuminate\\Mail\\SendQueuedMailable->handle(Object(Illuminate\\Mail\\MailManager))\n#15 C:\\xampp\\htdocs\\hostel_manage\\vendor\\laravel\\framework\\src\\Illuminate\\Container\\Util.php(37): Illuminate\\Container\\BoundMethod::Illuminate\\Container\\{closure}()\n#16 C:\\xampp\\htdocs\\hostel_manage\\vendor\\laravel\\framework\\src\\Illuminate\\Container\\BoundMethod.php(93): Illuminate\\Container\\Util::unwrapIfClosure(Object(Closure))\n#17 C:\\xampp\\htdocs\\hostel_manage\\vendor\\laravel\\framework\\src\\Illuminate\\Container\\BoundMethod.php(37): Illuminate\\Container\\BoundMethod::callBoundMethod(Object(Illuminate\\Foundation\\Application), Array, Object(Closure))\n#18 C:\\xampp\\htdocs\\hostel_manage\\vendor\\laravel\\framework\\src\\Illuminate\\Container\\Container.php(596): Illuminate\\Container\\BoundMethod::call(Object(Illuminate\\Foundation\\Application), Array, Array, NULL)\n#19 C:\\xampp\\htdocs\\hostel_manage\\vendor\\laravel\\framework\\src\\Illuminate\\Bus\\Dispatcher.php(94): Illuminate\\Container\\Container->call(Array)\n#20 C:\\xampp\\htdocs\\hostel_manage\\vendor\\laravel\\framework\\src\\Illuminate\\Pipeline\\Pipeline.php(128): Illuminate\\Bus\\Dispatcher->Illuminate\\Bus\\{closure}(Object(Illuminate\\Mail\\SendQueuedMailable))\n#21 C:\\xampp\\htdocs\\hostel_manage\\vendor\\laravel\\framework\\src\\Illuminate\\Pipeline\\Pipeline.php(103): Illuminate\\Pipeline\\Pipeline->Illuminate\\Pipeline\\{closure}(Object(Illuminate\\Mail\\SendQueuedMailable))\n#22 C:\\xampp\\htdocs\\hostel_manage\\vendor\\laravel\\framework\\src\\Illuminate\\Bus\\Dispatcher.php(98): Illuminate\\Pipeline\\Pipeline->then(Object(Closure))\n#23 C:\\xampp\\htdocs\\hostel_manage\\vendor\\laravel\\framework\\src\\Illuminate\\Queue\\CallQueuedHandler.php(83): Illuminate\\Bus\\Dispatcher->dispatchNow(Object(Illuminate\\Mail\\SendQueuedMailable), false)\n#24 C:\\xampp\\htdocs\\hostel_manage\\vendor\\laravel\\framework\\src\\Illuminate\\Pipeline\\Pipeline.php(128): Illuminate\\Queue\\CallQueuedHandler->Illuminate\\Queue\\{closure}(Object(Illuminate\\Mail\\SendQueuedMailable))\n#25 C:\\xampp\\htdocs\\hostel_manage\\vendor\\laravel\\framework\\src\\Illuminate\\Pipeline\\Pipeline.php(103): Illuminate\\Pipeline\\Pipeline->Illuminate\\Pipeline\\{closure}(Object(Illuminate\\Mail\\SendQueuedMailable))\n#26 C:\\xampp\\htdocs\\hostel_manage\\vendor\\laravel\\framework\\src\\Illuminate\\Queue\\CallQueuedHandler.php(85): Illuminate\\Pipeline\\Pipeline->then(Object(Closure))\n#27 C:\\xampp\\htdocs\\hostel_manage\\vendor\\laravel\\framework\\src\\Illuminate\\Queue\\CallQueuedHandler.php(59): Illuminate\\Queue\\CallQueuedHandler->dispatchThroughMiddleware(Object(Illuminate\\Queue\\Jobs\\DatabaseJob), Object(Illuminate\\Mail\\SendQueuedMailable))\n#28 C:\\xampp\\htdocs\\hostel_manage\\vendor\\laravel\\framework\\src\\Illuminate\\Queue\\Jobs\\Job.php(98): Illuminate\\Queue\\CallQueuedHandler->call(Object(Illuminate\\Queue\\Jobs\\DatabaseJob), Array)\n#29 C:\\xampp\\htdocs\\hostel_manage\\vendor\\laravel\\framework\\src\\Illuminate\\Queue\\Worker.php(356): Illuminate\\Queue\\Jobs\\Job->fire()\n#30 C:\\xampp\\htdocs\\hostel_manage\\vendor\\laravel\\framework\\src\\Illuminate\\Queue\\Worker.php(306): Illuminate\\Queue\\Worker->process(\'database\', Object(Illuminate\\Queue\\Jobs\\DatabaseJob), Object(Illuminate\\Queue\\WorkerOptions))\n#31 C:\\xampp\\htdocs\\hostel_manage\\vendor\\laravel\\framework\\src\\Illuminate\\Queue\\Worker.php(132): Illuminate\\Queue\\Worker->runJob(Object(Illuminate\\Queue\\Jobs\\DatabaseJob), \'database\', Object(Illuminate\\Queue\\WorkerOptions))\n#32 C:\\xampp\\htdocs\\hostel_manage\\vendor\\laravel\\framework\\src\\Illuminate\\Queue\\Console\\WorkCommand.php(112): Illuminate\\Queue\\Worker->daemon(\'database\', \'default\', Object(Illuminate\\Queue\\WorkerOptions))\n#33 C:\\xampp\\htdocs\\hostel_manage\\vendor\\laravel\\framework\\src\\Illuminate\\Queue\\Console\\WorkCommand.php(96): Illuminate\\Queue\\Console\\WorkCommand->runWorker(\'database\', \'default\')\n#34 C:\\xampp\\htdocs\\hostel_manage\\vendor\\laravel\\framework\\src\\Illuminate\\Container\\BoundMethod.php(36): Illuminate\\Queue\\Console\\WorkCommand->handle()\n#35 C:\\xampp\\htdocs\\hostel_manage\\vendor\\laravel\\framework\\src\\Illuminate\\Container\\Util.php(37): Illuminate\\Container\\BoundMethod::Illuminate\\Container\\{closure}()\n#36 C:\\xampp\\htdocs\\hostel_manage\\vendor\\laravel\\framework\\src\\Illuminate\\Container\\BoundMethod.php(93): Illuminate\\Container\\Util::unwrapIfClosure(Object(Closure))\n#37 C:\\xampp\\htdocs\\hostel_manage\\vendor\\laravel\\framework\\src\\Illuminate\\Container\\BoundMethod.php(37): Illuminate\\Container\\BoundMethod::callBoundMethod(Object(Illuminate\\Foundation\\Application), Array, Object(Closure))\n#38 C:\\xampp\\htdocs\\hostel_manage\\vendor\\laravel\\framework\\src\\Illuminate\\Container\\Container.php(596): Illuminate\\Container\\BoundMethod::call(Object(Illuminate\\Foundation\\Application), Array, Array, NULL)\n#39 C:\\xampp\\htdocs\\hostel_manage\\vendor\\laravel\\framework\\src\\Illuminate\\Console\\Command.php(134): Illuminate\\Container\\Container->call(Array)\n#40 C:\\xampp\\htdocs\\hostel_manage\\vendor\\symfony\\console\\Command\\Command.php(298): Illuminate\\Console\\Command->execute(Object(Symfony\\Component\\Console\\Input\\ArgvInput), Object(Illuminate\\Console\\OutputStyle))\n#41 C:\\xampp\\htdocs\\hostel_manage\\vendor\\laravel\\framework\\src\\Illuminate\\Console\\Command.php(121): Symfony\\Component\\Console\\Command\\Command->run(Object(Symfony\\Component\\Console\\Input\\ArgvInput), Object(Illuminate\\Console\\OutputStyle))\n#42 C:\\xampp\\htdocs\\hostel_manage\\vendor\\symfony\\console\\Application.php(1005): Illuminate\\Console\\Command->run(Object(Symfony\\Component\\Console\\Input\\ArgvInput), Object(Symfony\\Component\\Console\\Output\\ConsoleOutput))\n#43 C:\\xampp\\htdocs\\hostel_manage\\vendor\\symfony\\console\\Application.php(299): Symfony\\Component\\Console\\Application->doRunCommand(Object(Illuminate\\Queue\\Console\\WorkCommand), Object(Symfony\\Component\\Console\\Input\\ArgvInput), Object(Symfony\\Component\\Console\\Output\\ConsoleOutput))\n#44 C:\\xampp\\htdocs\\hostel_manage\\vendor\\symfony\\console\\Application.php(171): Symfony\\Component\\Console\\Application->doRun(Object(Symfony\\Component\\Console\\Input\\ArgvInput), Object(Symfony\\Component\\Console\\Output\\ConsoleOutput))\n#45 C:\\xampp\\htdocs\\hostel_manage\\vendor\\laravel\\framework\\src\\Illuminate\\Console\\Application.php(93): Symfony\\Component\\Console\\Application->run(Object(Symfony\\Component\\Console\\Input\\ArgvInput), Object(Symfony\\Component\\Console\\Output\\ConsoleOutput))\n#46 C:\\xampp\\htdocs\\hostel_manage\\vendor\\laravel\\framework\\src\\Illuminate\\Foundation\\Console\\Kernel.php(129): Illuminate\\Console\\Application->run(Object(Symfony\\Component\\Console\\Input\\ArgvInput), Object(Symfony\\Component\\Console\\Output\\ConsoleOutput))\n#47 C:\\xampp\\htdocs\\hostel_manage\\artisan(37): Illuminate\\Foundation\\Console\\Kernel->handle(Object(Symfony\\Component\\Console\\Input\\ArgvInput), Object(Symfony\\Component\\Console\\Output\\ConsoleOutput))\n#48 {main}', '2022-01-13 12:02:34');
INSERT INTO `failed_jobs` (`id`, `connection`, `queue`, `payload`, `exception`, `failed_at`) VALUES
(13, 'database', 'default', '{\"uuid\":\"600c95d5-46a1-4f3f-8e65-2bf78c27ee5a\",\"displayName\":\"App\\\\Mail\\\\MailEngine\",\"job\":\"Illuminate\\\\Queue\\\\CallQueuedHandler@call\",\"maxTries\":null,\"maxExceptions\":null,\"delay\":null,\"timeout\":null,\"timeoutAt\":null,\"data\":{\"commandName\":\"Illuminate\\\\Mail\\\\SendQueuedMailable\",\"command\":\"O:34:\\\"Illuminate\\\\Mail\\\\SendQueuedMailable\\\":3:{s:8:\\\"mailable\\\";O:19:\\\"App\\\\Mail\\\\MailEngine\\\":26:{s:4:\\\"data\\\";a:4:{s:9:\\\"recipient\\\";s:22:\\\"2019ucp1429@mnit.ac.in\\\";s:7:\\\"subject\\\";N;s:7:\\\"message\\\";N;s:9:\\\"user_name\\\";s:13:\\\"Bangali Nillu\\\";}s:6:\\\"locale\\\";N;s:4:\\\"from\\\";a:0:{}s:2:\\\"to\\\";a:1:{i:0;a:2:{s:4:\\\"name\\\";N;s:7:\\\"address\\\";s:22:\\\"2019ucp1429@mnit.ac.in\\\";}}s:2:\\\"cc\\\";a:0:{}s:3:\\\"bcc\\\";a:0:{}s:7:\\\"replyTo\\\";a:0:{}s:7:\\\"subject\\\";N;s:11:\\\"\\u0000*\\u0000markdown\\\";N;s:7:\\\"\\u0000*\\u0000html\\\";N;s:4:\\\"view\\\";N;s:8:\\\"textView\\\";N;s:8:\\\"viewData\\\";a:0:{}s:11:\\\"attachments\\\";a:0:{}s:14:\\\"rawAttachments\\\";a:0:{}s:15:\\\"diskAttachments\\\";a:0:{}s:9:\\\"callbacks\\\";a:0:{}s:5:\\\"theme\\\";N;s:6:\\\"mailer\\\";s:4:\\\"smtp\\\";s:10:\\\"connection\\\";N;s:5:\\\"queue\\\";N;s:15:\\\"chainConnection\\\";N;s:10:\\\"chainQueue\\\";N;s:5:\\\"delay\\\";N;s:10:\\\"middleware\\\";a:0:{}s:7:\\\"chained\\\";a:0:{}}s:5:\\\"tries\\\";N;s:7:\\\"timeout\\\";N;}\"}}', 'ErrorException: DOMDocument::loadHTML(): Empty string supplied as input in C:\\xampp\\htdocs\\hostel_manage\\vendor\\tijsverkoyen\\css-to-inline-styles\\src\\CssToInlineStyles.php:116\nStack trace:\n#0 [internal function]: Illuminate\\Foundation\\Bootstrap\\HandleExceptions->handleError(2, \'DOMDocument::lo...\', \'C:\\\\xampp\\\\htdocs...\', 116, Array)\n#1 C:\\xampp\\htdocs\\hostel_manage\\vendor\\tijsverkoyen\\css-to-inline-styles\\src\\CssToInlineStyles.php(116): DOMDocument->loadHTML(\'\')\n#2 C:\\xampp\\htdocs\\hostel_manage\\vendor\\tijsverkoyen\\css-to-inline-styles\\src\\CssToInlineStyles.php(36): TijsVerkoyen\\CssToInlineStyles\\CssToInlineStyles->createDomDocumentFromHtml(\'\')\n#3 C:\\xampp\\htdocs\\hostel_manage\\vendor\\laravel\\framework\\src\\Illuminate\\Mail\\Markdown.php(71): TijsVerkoyen\\CssToInlineStyles\\CssToInlineStyles->convert(\'\', \'/* Base */\\n\\nbod...\')\n#4 C:\\xampp\\htdocs\\hostel_manage\\vendor\\laravel\\framework\\src\\Illuminate\\Mail\\Mailable.php(295): Illuminate\\Mail\\Markdown->render(\'mess_template\', Array)\n#5 C:\\xampp\\htdocs\\hostel_manage\\vendor\\laravel\\framework\\src\\Illuminate\\Mail\\Mailable.php(265): Illuminate\\Mail\\Mailable->buildMarkdownView()\n#6 C:\\xampp\\htdocs\\hostel_manage\\vendor\\laravel\\framework\\src\\Illuminate\\Mail\\Mailable.php(171): Illuminate\\Mail\\Mailable->buildView()\n#7 C:\\xampp\\htdocs\\hostel_manage\\vendor\\laravel\\framework\\src\\Illuminate\\Support\\Traits\\Localizable.php(19): Illuminate\\Mail\\Mailable->Illuminate\\Mail\\{closure}()\n#8 C:\\xampp\\htdocs\\hostel_manage\\vendor\\laravel\\framework\\src\\Illuminate\\Mail\\Mailable.php(178): Illuminate\\Mail\\Mailable->withLocale(NULL, Object(Closure))\n#9 C:\\xampp\\htdocs\\hostel_manage\\vendor\\laravel\\framework\\src\\Illuminate\\Mail\\SendQueuedMailable.php(52): Illuminate\\Mail\\Mailable->send(Object(Illuminate\\Mail\\MailManager))\n#10 C:\\xampp\\htdocs\\hostel_manage\\vendor\\laravel\\framework\\src\\Illuminate\\Container\\BoundMethod.php(36): Illuminate\\Mail\\SendQueuedMailable->handle(Object(Illuminate\\Mail\\MailManager))\n#11 C:\\xampp\\htdocs\\hostel_manage\\vendor\\laravel\\framework\\src\\Illuminate\\Container\\Util.php(37): Illuminate\\Container\\BoundMethod::Illuminate\\Container\\{closure}()\n#12 C:\\xampp\\htdocs\\hostel_manage\\vendor\\laravel\\framework\\src\\Illuminate\\Container\\BoundMethod.php(93): Illuminate\\Container\\Util::unwrapIfClosure(Object(Closure))\n#13 C:\\xampp\\htdocs\\hostel_manage\\vendor\\laravel\\framework\\src\\Illuminate\\Container\\BoundMethod.php(37): Illuminate\\Container\\BoundMethod::callBoundMethod(Object(Illuminate\\Foundation\\Application), Array, Object(Closure))\n#14 C:\\xampp\\htdocs\\hostel_manage\\vendor\\laravel\\framework\\src\\Illuminate\\Container\\Container.php(596): Illuminate\\Container\\BoundMethod::call(Object(Illuminate\\Foundation\\Application), Array, Array, NULL)\n#15 C:\\xampp\\htdocs\\hostel_manage\\vendor\\laravel\\framework\\src\\Illuminate\\Bus\\Dispatcher.php(94): Illuminate\\Container\\Container->call(Array)\n#16 C:\\xampp\\htdocs\\hostel_manage\\vendor\\laravel\\framework\\src\\Illuminate\\Pipeline\\Pipeline.php(128): Illuminate\\Bus\\Dispatcher->Illuminate\\Bus\\{closure}(Object(Illuminate\\Mail\\SendQueuedMailable))\n#17 C:\\xampp\\htdocs\\hostel_manage\\vendor\\laravel\\framework\\src\\Illuminate\\Pipeline\\Pipeline.php(103): Illuminate\\Pipeline\\Pipeline->Illuminate\\Pipeline\\{closure}(Object(Illuminate\\Mail\\SendQueuedMailable))\n#18 C:\\xampp\\htdocs\\hostel_manage\\vendor\\laravel\\framework\\src\\Illuminate\\Bus\\Dispatcher.php(98): Illuminate\\Pipeline\\Pipeline->then(Object(Closure))\n#19 C:\\xampp\\htdocs\\hostel_manage\\vendor\\laravel\\framework\\src\\Illuminate\\Queue\\CallQueuedHandler.php(83): Illuminate\\Bus\\Dispatcher->dispatchNow(Object(Illuminate\\Mail\\SendQueuedMailable), false)\n#20 C:\\xampp\\htdocs\\hostel_manage\\vendor\\laravel\\framework\\src\\Illuminate\\Pipeline\\Pipeline.php(128): Illuminate\\Queue\\CallQueuedHandler->Illuminate\\Queue\\{closure}(Object(Illuminate\\Mail\\SendQueuedMailable))\n#21 C:\\xampp\\htdocs\\hostel_manage\\vendor\\laravel\\framework\\src\\Illuminate\\Pipeline\\Pipeline.php(103): Illuminate\\Pipeline\\Pipeline->Illuminate\\Pipeline\\{closure}(Object(Illuminate\\Mail\\SendQueuedMailable))\n#22 C:\\xampp\\htdocs\\hostel_manage\\vendor\\laravel\\framework\\src\\Illuminate\\Queue\\CallQueuedHandler.php(85): Illuminate\\Pipeline\\Pipeline->then(Object(Closure))\n#23 C:\\xampp\\htdocs\\hostel_manage\\vendor\\laravel\\framework\\src\\Illuminate\\Queue\\CallQueuedHandler.php(59): Illuminate\\Queue\\CallQueuedHandler->dispatchThroughMiddleware(Object(Illuminate\\Queue\\Jobs\\DatabaseJob), Object(Illuminate\\Mail\\SendQueuedMailable))\n#24 C:\\xampp\\htdocs\\hostel_manage\\vendor\\laravel\\framework\\src\\Illuminate\\Queue\\Jobs\\Job.php(98): Illuminate\\Queue\\CallQueuedHandler->call(Object(Illuminate\\Queue\\Jobs\\DatabaseJob), Array)\n#25 C:\\xampp\\htdocs\\hostel_manage\\vendor\\laravel\\framework\\src\\Illuminate\\Queue\\Worker.php(356): Illuminate\\Queue\\Jobs\\Job->fire()\n#26 C:\\xampp\\htdocs\\hostel_manage\\vendor\\laravel\\framework\\src\\Illuminate\\Queue\\Worker.php(306): Illuminate\\Queue\\Worker->process(\'database\', Object(Illuminate\\Queue\\Jobs\\DatabaseJob), Object(Illuminate\\Queue\\WorkerOptions))\n#27 C:\\xampp\\htdocs\\hostel_manage\\vendor\\laravel\\framework\\src\\Illuminate\\Queue\\Worker.php(132): Illuminate\\Queue\\Worker->runJob(Object(Illuminate\\Queue\\Jobs\\DatabaseJob), \'database\', Object(Illuminate\\Queue\\WorkerOptions))\n#28 C:\\xampp\\htdocs\\hostel_manage\\vendor\\laravel\\framework\\src\\Illuminate\\Queue\\Console\\WorkCommand.php(112): Illuminate\\Queue\\Worker->daemon(\'database\', \'default\', Object(Illuminate\\Queue\\WorkerOptions))\n#29 C:\\xampp\\htdocs\\hostel_manage\\vendor\\laravel\\framework\\src\\Illuminate\\Queue\\Console\\WorkCommand.php(96): Illuminate\\Queue\\Console\\WorkCommand->runWorker(\'database\', \'default\')\n#30 C:\\xampp\\htdocs\\hostel_manage\\vendor\\laravel\\framework\\src\\Illuminate\\Container\\BoundMethod.php(36): Illuminate\\Queue\\Console\\WorkCommand->handle()\n#31 C:\\xampp\\htdocs\\hostel_manage\\vendor\\laravel\\framework\\src\\Illuminate\\Container\\Util.php(37): Illuminate\\Container\\BoundMethod::Illuminate\\Container\\{closure}()\n#32 C:\\xampp\\htdocs\\hostel_manage\\vendor\\laravel\\framework\\src\\Illuminate\\Container\\BoundMethod.php(93): Illuminate\\Container\\Util::unwrapIfClosure(Object(Closure))\n#33 C:\\xampp\\htdocs\\hostel_manage\\vendor\\laravel\\framework\\src\\Illuminate\\Container\\BoundMethod.php(37): Illuminate\\Container\\BoundMethod::callBoundMethod(Object(Illuminate\\Foundation\\Application), Array, Object(Closure))\n#34 C:\\xampp\\htdocs\\hostel_manage\\vendor\\laravel\\framework\\src\\Illuminate\\Container\\Container.php(596): Illuminate\\Container\\BoundMethod::call(Object(Illuminate\\Foundation\\Application), Array, Array, NULL)\n#35 C:\\xampp\\htdocs\\hostel_manage\\vendor\\laravel\\framework\\src\\Illuminate\\Console\\Command.php(134): Illuminate\\Container\\Container->call(Array)\n#36 C:\\xampp\\htdocs\\hostel_manage\\vendor\\symfony\\console\\Command\\Command.php(298): Illuminate\\Console\\Command->execute(Object(Symfony\\Component\\Console\\Input\\ArgvInput), Object(Illuminate\\Console\\OutputStyle))\n#37 C:\\xampp\\htdocs\\hostel_manage\\vendor\\laravel\\framework\\src\\Illuminate\\Console\\Command.php(121): Symfony\\Component\\Console\\Command\\Command->run(Object(Symfony\\Component\\Console\\Input\\ArgvInput), Object(Illuminate\\Console\\OutputStyle))\n#38 C:\\xampp\\htdocs\\hostel_manage\\vendor\\symfony\\console\\Application.php(1005): Illuminate\\Console\\Command->run(Object(Symfony\\Component\\Console\\Input\\ArgvInput), Object(Symfony\\Component\\Console\\Output\\ConsoleOutput))\n#39 C:\\xampp\\htdocs\\hostel_manage\\vendor\\symfony\\console\\Application.php(299): Symfony\\Component\\Console\\Application->doRunCommand(Object(Illuminate\\Queue\\Console\\WorkCommand), Object(Symfony\\Component\\Console\\Input\\ArgvInput), Object(Symfony\\Component\\Console\\Output\\ConsoleOutput))\n#40 C:\\xampp\\htdocs\\hostel_manage\\vendor\\symfony\\console\\Application.php(171): Symfony\\Component\\Console\\Application->doRun(Object(Symfony\\Component\\Console\\Input\\ArgvInput), Object(Symfony\\Component\\Console\\Output\\ConsoleOutput))\n#41 C:\\xampp\\htdocs\\hostel_manage\\vendor\\laravel\\framework\\src\\Illuminate\\Console\\Application.php(93): Symfony\\Component\\Console\\Application->run(Object(Symfony\\Component\\Console\\Input\\ArgvInput), Object(Symfony\\Component\\Console\\Output\\ConsoleOutput))\n#42 C:\\xampp\\htdocs\\hostel_manage\\vendor\\laravel\\framework\\src\\Illuminate\\Foundation\\Console\\Kernel.php(129): Illuminate\\Console\\Application->run(Object(Symfony\\Component\\Console\\Input\\ArgvInput), Object(Symfony\\Component\\Console\\Output\\ConsoleOutput))\n#43 C:\\xampp\\htdocs\\hostel_manage\\artisan(37): Illuminate\\Foundation\\Console\\Kernel->handle(Object(Symfony\\Component\\Console\\Input\\ArgvInput), Object(Symfony\\Component\\Console\\Output\\ConsoleOutput))\n#44 {main}', '2022-01-13 12:06:06'),
(14, 'database', 'default', '{\"uuid\":\"81d97e81-c1cc-44cc-b442-775ef107fc55\",\"displayName\":\"App\\\\Mail\\\\MailEngine\",\"job\":\"Illuminate\\\\Queue\\\\CallQueuedHandler@call\",\"maxTries\":null,\"maxExceptions\":null,\"delay\":null,\"timeout\":null,\"timeoutAt\":null,\"data\":{\"commandName\":\"Illuminate\\\\Mail\\\\SendQueuedMailable\",\"command\":\"O:34:\\\"Illuminate\\\\Mail\\\\SendQueuedMailable\\\":3:{s:8:\\\"mailable\\\";O:19:\\\"App\\\\Mail\\\\MailEngine\\\":26:{s:4:\\\"data\\\";a:4:{s:9:\\\"recipient\\\";s:15:\\\"nilar@gmail.com\\\";s:7:\\\"subject\\\";s:13:\\\"Room Approved\\\";s:7:\\\"message\\\";s:37:\\\"Congrats! Your Room has been approved\\\";s:9:\\\"user_name\\\";s:5:\\\"admin\\\";}s:6:\\\"locale\\\";N;s:4:\\\"from\\\";a:0:{}s:2:\\\"to\\\";a:1:{i:0;a:2:{s:4:\\\"name\\\";N;s:7:\\\"address\\\";s:15:\\\"nilar@gmail.com\\\";}}s:2:\\\"cc\\\";a:0:{}s:3:\\\"bcc\\\";a:0:{}s:7:\\\"replyTo\\\";a:0:{}s:7:\\\"subject\\\";N;s:11:\\\"\\u0000*\\u0000markdown\\\";N;s:7:\\\"\\u0000*\\u0000html\\\";N;s:4:\\\"view\\\";N;s:8:\\\"textView\\\";N;s:8:\\\"viewData\\\";a:0:{}s:11:\\\"attachments\\\";a:0:{}s:14:\\\"rawAttachments\\\";a:0:{}s:15:\\\"diskAttachments\\\";a:0:{}s:9:\\\"callbacks\\\";a:0:{}s:5:\\\"theme\\\";N;s:6:\\\"mailer\\\";s:4:\\\"smtp\\\";s:10:\\\"connection\\\";N;s:5:\\\"queue\\\";N;s:15:\\\"chainConnection\\\";N;s:10:\\\"chainQueue\\\";N;s:5:\\\"delay\\\";N;s:10:\\\"middleware\\\";a:0:{}s:7:\\\"chained\\\";a:0:{}}s:5:\\\"tries\\\";N;s:7:\\\"timeout\\\";N;}\"}}', 'Swift_TransportException: Failed to authenticate on SMTP server with username \"droidmnithope@gmail.com\" using 3 possible authenticators. Authenticator LOGIN returned Expected response code 235 but got code \"535\", with message \"535-5.7.8 Username and Password not accepted. Learn more at\r\n535 5.7.8  https://support.google.com/mail/?p=BadCredentials gw2-20020a17090b0a4200b001bca7935e27sm13584337pjb.0 - gsmtp\r\n\". Authenticator PLAIN returned Expected response code 235 but got code \"535\", with message \"535-5.7.8 Username and Password not accepted. Learn more at\r\n535 5.7.8  https://support.google.com/mail/?p=BadCredentials gw2-20020a17090b0a4200b001bca7935e27sm13584337pjb.0 - gsmtp\r\n\". Authenticator XOAUTH2 returned Expected response code 250 but got code \"535\", with message \"535-5.7.8 Username and Password not accepted. Learn more at\r\n535 5.7.8  https://support.google.com/mail/?p=BadCredentials gw2-20020a17090b0a4200b001bca7935e27sm13584337pjb.0 - gsmtp\r\n\". in C:\\xampp\\htdocs\\hostel_manage\\vendor\\swiftmailer\\swiftmailer\\lib\\classes\\Swift\\Transport\\Esmtp\\AuthHandler.php:191\nStack trace:\n#0 C:\\xampp\\htdocs\\hostel_manage\\vendor\\swiftmailer\\swiftmailer\\lib\\classes\\Swift\\Transport\\EsmtpTransport.php(371): Swift_Transport_Esmtp_AuthHandler->afterEhlo(Object(Swift_SmtpTransport))\n#1 C:\\xampp\\htdocs\\hostel_manage\\vendor\\swiftmailer\\swiftmailer\\lib\\classes\\Swift\\Transport\\AbstractSmtpTransport.php(148): Swift_Transport_EsmtpTransport->doHeloCommand()\n#2 C:\\xampp\\htdocs\\hostel_manage\\vendor\\swiftmailer\\swiftmailer\\lib\\classes\\Swift\\Mailer.php(65): Swift_Transport_AbstractSmtpTransport->start()\n#3 C:\\xampp\\htdocs\\hostel_manage\\vendor\\laravel\\framework\\src\\Illuminate\\Mail\\Mailer.php(521): Swift_Mailer->send(Object(Swift_Message), Array)\n#4 C:\\xampp\\htdocs\\hostel_manage\\vendor\\laravel\\framework\\src\\Illuminate\\Mail\\Mailer.php(288): Illuminate\\Mail\\Mailer->sendSwiftMessage(Object(Swift_Message))\n#5 C:\\xampp\\htdocs\\hostel_manage\\vendor\\laravel\\framework\\src\\Illuminate\\Mail\\Mailable.php(177): Illuminate\\Mail\\Mailer->send(Object(Illuminate\\Support\\HtmlString), Array, Object(Closure))\n#6 C:\\xampp\\htdocs\\hostel_manage\\vendor\\laravel\\framework\\src\\Illuminate\\Support\\Traits\\Localizable.php(19): Illuminate\\Mail\\Mailable->Illuminate\\Mail\\{closure}()\n#7 C:\\xampp\\htdocs\\hostel_manage\\vendor\\laravel\\framework\\src\\Illuminate\\Mail\\Mailable.php(178): Illuminate\\Mail\\Mailable->withLocale(NULL, Object(Closure))\n#8 C:\\xampp\\htdocs\\hostel_manage\\vendor\\laravel\\framework\\src\\Illuminate\\Mail\\SendQueuedMailable.php(52): Illuminate\\Mail\\Mailable->send(Object(Illuminate\\Mail\\MailManager))\n#9 C:\\xampp\\htdocs\\hostel_manage\\vendor\\laravel\\framework\\src\\Illuminate\\Container\\BoundMethod.php(36): Illuminate\\Mail\\SendQueuedMailable->handle(Object(Illuminate\\Mail\\MailManager))\n#10 C:\\xampp\\htdocs\\hostel_manage\\vendor\\laravel\\framework\\src\\Illuminate\\Container\\Util.php(37): Illuminate\\Container\\BoundMethod::Illuminate\\Container\\{closure}()\n#11 C:\\xampp\\htdocs\\hostel_manage\\vendor\\laravel\\framework\\src\\Illuminate\\Container\\BoundMethod.php(93): Illuminate\\Container\\Util::unwrapIfClosure(Object(Closure))\n#12 C:\\xampp\\htdocs\\hostel_manage\\vendor\\laravel\\framework\\src\\Illuminate\\Container\\BoundMethod.php(37): Illuminate\\Container\\BoundMethod::callBoundMethod(Object(Illuminate\\Foundation\\Application), Array, Object(Closure))\n#13 C:\\xampp\\htdocs\\hostel_manage\\vendor\\laravel\\framework\\src\\Illuminate\\Container\\Container.php(596): Illuminate\\Container\\BoundMethod::call(Object(Illuminate\\Foundation\\Application), Array, Array, NULL)\n#14 C:\\xampp\\htdocs\\hostel_manage\\vendor\\laravel\\framework\\src\\Illuminate\\Bus\\Dispatcher.php(94): Illuminate\\Container\\Container->call(Array)\n#15 C:\\xampp\\htdocs\\hostel_manage\\vendor\\laravel\\framework\\src\\Illuminate\\Pipeline\\Pipeline.php(128): Illuminate\\Bus\\Dispatcher->Illuminate\\Bus\\{closure}(Object(Illuminate\\Mail\\SendQueuedMailable))\n#16 C:\\xampp\\htdocs\\hostel_manage\\vendor\\laravel\\framework\\src\\Illuminate\\Pipeline\\Pipeline.php(103): Illuminate\\Pipeline\\Pipeline->Illuminate\\Pipeline\\{closure}(Object(Illuminate\\Mail\\SendQueuedMailable))\n#17 C:\\xampp\\htdocs\\hostel_manage\\vendor\\laravel\\framework\\src\\Illuminate\\Bus\\Dispatcher.php(98): Illuminate\\Pipeline\\Pipeline->then(Object(Closure))\n#18 C:\\xampp\\htdocs\\hostel_manage\\vendor\\laravel\\framework\\src\\Illuminate\\Queue\\CallQueuedHandler.php(83): Illuminate\\Bus\\Dispatcher->dispatchNow(Object(Illuminate\\Mail\\SendQueuedMailable), false)\n#19 C:\\xampp\\htdocs\\hostel_manage\\vendor\\laravel\\framework\\src\\Illuminate\\Pipeline\\Pipeline.php(128): Illuminate\\Queue\\CallQueuedHandler->Illuminate\\Queue\\{closure}(Object(Illuminate\\Mail\\SendQueuedMailable))\n#20 C:\\xampp\\htdocs\\hostel_manage\\vendor\\laravel\\framework\\src\\Illuminate\\Pipeline\\Pipeline.php(103): Illuminate\\Pipeline\\Pipeline->Illuminate\\Pipeline\\{closure}(Object(Illuminate\\Mail\\SendQueuedMailable))\n#21 C:\\xampp\\htdocs\\hostel_manage\\vendor\\laravel\\framework\\src\\Illuminate\\Queue\\CallQueuedHandler.php(85): Illuminate\\Pipeline\\Pipeline->then(Object(Closure))\n#22 C:\\xampp\\htdocs\\hostel_manage\\vendor\\laravel\\framework\\src\\Illuminate\\Queue\\CallQueuedHandler.php(59): Illuminate\\Queue\\CallQueuedHandler->dispatchThroughMiddleware(Object(Illuminate\\Queue\\Jobs\\DatabaseJob), Object(Illuminate\\Mail\\SendQueuedMailable))\n#23 C:\\xampp\\htdocs\\hostel_manage\\vendor\\laravel\\framework\\src\\Illuminate\\Queue\\Jobs\\Job.php(98): Illuminate\\Queue\\CallQueuedHandler->call(Object(Illuminate\\Queue\\Jobs\\DatabaseJob), Array)\n#24 C:\\xampp\\htdocs\\hostel_manage\\vendor\\laravel\\framework\\src\\Illuminate\\Queue\\Worker.php(356): Illuminate\\Queue\\Jobs\\Job->fire()\n#25 C:\\xampp\\htdocs\\hostel_manage\\vendor\\laravel\\framework\\src\\Illuminate\\Queue\\Worker.php(306): Illuminate\\Queue\\Worker->process(\'database\', Object(Illuminate\\Queue\\Jobs\\DatabaseJob), Object(Illuminate\\Queue\\WorkerOptions))\n#26 C:\\xampp\\htdocs\\hostel_manage\\vendor\\laravel\\framework\\src\\Illuminate\\Queue\\Worker.php(132): Illuminate\\Queue\\Worker->runJob(Object(Illuminate\\Queue\\Jobs\\DatabaseJob), \'database\', Object(Illuminate\\Queue\\WorkerOptions))\n#27 C:\\xampp\\htdocs\\hostel_manage\\vendor\\laravel\\framework\\src\\Illuminate\\Queue\\Console\\WorkCommand.php(112): Illuminate\\Queue\\Worker->daemon(\'database\', \'default\', Object(Illuminate\\Queue\\WorkerOptions))\n#28 C:\\xampp\\htdocs\\hostel_manage\\vendor\\laravel\\framework\\src\\Illuminate\\Queue\\Console\\WorkCommand.php(96): Illuminate\\Queue\\Console\\WorkCommand->runWorker(\'database\', \'default\')\n#29 C:\\xampp\\htdocs\\hostel_manage\\vendor\\laravel\\framework\\src\\Illuminate\\Container\\BoundMethod.php(36): Illuminate\\Queue\\Console\\WorkCommand->handle()\n#30 C:\\xampp\\htdocs\\hostel_manage\\vendor\\laravel\\framework\\src\\Illuminate\\Container\\Util.php(37): Illuminate\\Container\\BoundMethod::Illuminate\\Container\\{closure}()\n#31 C:\\xampp\\htdocs\\hostel_manage\\vendor\\laravel\\framework\\src\\Illuminate\\Container\\BoundMethod.php(93): Illuminate\\Container\\Util::unwrapIfClosure(Object(Closure))\n#32 C:\\xampp\\htdocs\\hostel_manage\\vendor\\laravel\\framework\\src\\Illuminate\\Container\\BoundMethod.php(37): Illuminate\\Container\\BoundMethod::callBoundMethod(Object(Illuminate\\Foundation\\Application), Array, Object(Closure))\n#33 C:\\xampp\\htdocs\\hostel_manage\\vendor\\laravel\\framework\\src\\Illuminate\\Container\\Container.php(596): Illuminate\\Container\\BoundMethod::call(Object(Illuminate\\Foundation\\Application), Array, Array, NULL)\n#34 C:\\xampp\\htdocs\\hostel_manage\\vendor\\laravel\\framework\\src\\Illuminate\\Console\\Command.php(134): Illuminate\\Container\\Container->call(Array)\n#35 C:\\xampp\\htdocs\\hostel_manage\\vendor\\symfony\\console\\Command\\Command.php(298): Illuminate\\Console\\Command->execute(Object(Symfony\\Component\\Console\\Input\\ArgvInput), Object(Illuminate\\Console\\OutputStyle))\n#36 C:\\xampp\\htdocs\\hostel_manage\\vendor\\laravel\\framework\\src\\Illuminate\\Console\\Command.php(121): Symfony\\Component\\Console\\Command\\Command->run(Object(Symfony\\Component\\Console\\Input\\ArgvInput), Object(Illuminate\\Console\\OutputStyle))\n#37 C:\\xampp\\htdocs\\hostel_manage\\vendor\\symfony\\console\\Application.php(1005): Illuminate\\Console\\Command->run(Object(Symfony\\Component\\Console\\Input\\ArgvInput), Object(Symfony\\Component\\Console\\Output\\ConsoleOutput))\n#38 C:\\xampp\\htdocs\\hostel_manage\\vendor\\symfony\\console\\Application.php(299): Symfony\\Component\\Console\\Application->doRunCommand(Object(Illuminate\\Queue\\Console\\WorkCommand), Object(Symfony\\Component\\Console\\Input\\ArgvInput), Object(Symfony\\Component\\Console\\Output\\ConsoleOutput))\n#39 C:\\xampp\\htdocs\\hostel_manage\\vendor\\symfony\\console\\Application.php(171): Symfony\\Component\\Console\\Application->doRun(Object(Symfony\\Component\\Console\\Input\\ArgvInput), Object(Symfony\\Component\\Console\\Output\\ConsoleOutput))\n#40 C:\\xampp\\htdocs\\hostel_manage\\vendor\\laravel\\framework\\src\\Illuminate\\Console\\Application.php(93): Symfony\\Component\\Console\\Application->run(Object(Symfony\\Component\\Console\\Input\\ArgvInput), Object(Symfony\\Component\\Console\\Output\\ConsoleOutput))\n#41 C:\\xampp\\htdocs\\hostel_manage\\vendor\\laravel\\framework\\src\\Illuminate\\Foundation\\Console\\Kernel.php(129): Illuminate\\Console\\Application->run(Object(Symfony\\Component\\Console\\Input\\ArgvInput), Object(Symfony\\Component\\Console\\Output\\ConsoleOutput))\n#42 C:\\xampp\\htdocs\\hostel_manage\\artisan(37): Illuminate\\Foundation\\Console\\Kernel->handle(Object(Symfony\\Component\\Console\\Input\\ArgvInput), Object(Symfony\\Component\\Console\\Output\\ConsoleOutput))\n#43 {main}', '2022-02-27 12:20:34'),
(15, 'database', 'default', '{\"uuid\":\"7fb47ce2-1c11-4fc1-ac4f-54170363bcca\",\"displayName\":\"App\\\\Mail\\\\MailEngine\",\"job\":\"Illuminate\\\\Queue\\\\CallQueuedHandler@call\",\"maxTries\":null,\"maxExceptions\":null,\"delay\":null,\"timeout\":null,\"timeoutAt\":null,\"data\":{\"commandName\":\"Illuminate\\\\Mail\\\\SendQueuedMailable\",\"command\":\"O:34:\\\"Illuminate\\\\Mail\\\\SendQueuedMailable\\\":3:{s:8:\\\"mailable\\\";O:19:\\\"App\\\\Mail\\\\MailEngine\\\":26:{s:4:\\\"data\\\";a:4:{s:9:\\\"recipient\\\";s:22:\\\"2019ucp1429@mnit.ac.in\\\";s:7:\\\"subject\\\";s:13:\\\"Room Approved\\\";s:7:\\\"message\\\";s:37:\\\"Congrats! Your Room has been approved\\\";s:9:\\\"user_name\\\";s:5:\\\"admin\\\";}s:6:\\\"locale\\\";N;s:4:\\\"from\\\";a:0:{}s:2:\\\"to\\\";a:1:{i:0;a:2:{s:4:\\\"name\\\";N;s:7:\\\"address\\\";s:22:\\\"2019ucp1429@mnit.ac.in\\\";}}s:2:\\\"cc\\\";a:0:{}s:3:\\\"bcc\\\";a:0:{}s:7:\\\"replyTo\\\";a:0:{}s:7:\\\"subject\\\";N;s:11:\\\"\\u0000*\\u0000markdown\\\";N;s:7:\\\"\\u0000*\\u0000html\\\";N;s:4:\\\"view\\\";N;s:8:\\\"textView\\\";N;s:8:\\\"viewData\\\";a:0:{}s:11:\\\"attachments\\\";a:0:{}s:14:\\\"rawAttachments\\\";a:0:{}s:15:\\\"diskAttachments\\\";a:0:{}s:9:\\\"callbacks\\\";a:0:{}s:5:\\\"theme\\\";N;s:6:\\\"mailer\\\";s:4:\\\"smtp\\\";s:10:\\\"connection\\\";N;s:5:\\\"queue\\\";N;s:15:\\\"chainConnection\\\";N;s:10:\\\"chainQueue\\\";N;s:5:\\\"delay\\\";N;s:10:\\\"middleware\\\";a:0:{}s:7:\\\"chained\\\";a:0:{}}s:5:\\\"tries\\\";N;s:7:\\\"timeout\\\";N;}\"}}', 'Swift_TransportException: Failed to authenticate on SMTP server with username \"droidmnithope@gmail.com\" using 3 possible authenticators. Authenticator LOGIN returned Expected response code 235 but got code \"535\", with message \"535-5.7.8 Username and Password not accepted. Learn more at\r\n535 5.7.8  https://support.google.com/mail/?p=BadCredentials s3-20020a17090a5d0300b001bc2b469051sm14664329pji.29 - gsmtp\r\n\". Authenticator PLAIN returned Expected response code 235 but got code \"535\", with message \"535-5.7.8 Username and Password not accepted. Learn more at\r\n535 5.7.8  https://support.google.com/mail/?p=BadCredentials s3-20020a17090a5d0300b001bc2b469051sm14664329pji.29 - gsmtp\r\n\". Authenticator XOAUTH2 returned Expected response code 250 but got code \"535\", with message \"535-5.7.8 Username and Password not accepted. Learn more at\r\n535 5.7.8  https://support.google.com/mail/?p=BadCredentials s3-20020a17090a5d0300b001bc2b469051sm14664329pji.29 - gsmtp\r\n\". in C:\\xampp\\htdocs\\hostel_manage\\vendor\\swiftmailer\\swiftmailer\\lib\\classes\\Swift\\Transport\\Esmtp\\AuthHandler.php:191\nStack trace:\n#0 C:\\xampp\\htdocs\\hostel_manage\\vendor\\swiftmailer\\swiftmailer\\lib\\classes\\Swift\\Transport\\EsmtpTransport.php(371): Swift_Transport_Esmtp_AuthHandler->afterEhlo(Object(Swift_SmtpTransport))\n#1 C:\\xampp\\htdocs\\hostel_manage\\vendor\\swiftmailer\\swiftmailer\\lib\\classes\\Swift\\Transport\\AbstractSmtpTransport.php(148): Swift_Transport_EsmtpTransport->doHeloCommand()\n#2 C:\\xampp\\htdocs\\hostel_manage\\vendor\\swiftmailer\\swiftmailer\\lib\\classes\\Swift\\Mailer.php(65): Swift_Transport_AbstractSmtpTransport->start()\n#3 C:\\xampp\\htdocs\\hostel_manage\\vendor\\laravel\\framework\\src\\Illuminate\\Mail\\Mailer.php(521): Swift_Mailer->send(Object(Swift_Message), Array)\n#4 C:\\xampp\\htdocs\\hostel_manage\\vendor\\laravel\\framework\\src\\Illuminate\\Mail\\Mailer.php(288): Illuminate\\Mail\\Mailer->sendSwiftMessage(Object(Swift_Message))\n#5 C:\\xampp\\htdocs\\hostel_manage\\vendor\\laravel\\framework\\src\\Illuminate\\Mail\\Mailable.php(177): Illuminate\\Mail\\Mailer->send(Object(Illuminate\\Support\\HtmlString), Array, Object(Closure))\n#6 C:\\xampp\\htdocs\\hostel_manage\\vendor\\laravel\\framework\\src\\Illuminate\\Support\\Traits\\Localizable.php(19): Illuminate\\Mail\\Mailable->Illuminate\\Mail\\{closure}()\n#7 C:\\xampp\\htdocs\\hostel_manage\\vendor\\laravel\\framework\\src\\Illuminate\\Mail\\Mailable.php(178): Illuminate\\Mail\\Mailable->withLocale(NULL, Object(Closure))\n#8 C:\\xampp\\htdocs\\hostel_manage\\vendor\\laravel\\framework\\src\\Illuminate\\Mail\\SendQueuedMailable.php(52): Illuminate\\Mail\\Mailable->send(Object(Illuminate\\Mail\\MailManager))\n#9 C:\\xampp\\htdocs\\hostel_manage\\vendor\\laravel\\framework\\src\\Illuminate\\Container\\BoundMethod.php(36): Illuminate\\Mail\\SendQueuedMailable->handle(Object(Illuminate\\Mail\\MailManager))\n#10 C:\\xampp\\htdocs\\hostel_manage\\vendor\\laravel\\framework\\src\\Illuminate\\Container\\Util.php(37): Illuminate\\Container\\BoundMethod::Illuminate\\Container\\{closure}()\n#11 C:\\xampp\\htdocs\\hostel_manage\\vendor\\laravel\\framework\\src\\Illuminate\\Container\\BoundMethod.php(93): Illuminate\\Container\\Util::unwrapIfClosure(Object(Closure))\n#12 C:\\xampp\\htdocs\\hostel_manage\\vendor\\laravel\\framework\\src\\Illuminate\\Container\\BoundMethod.php(37): Illuminate\\Container\\BoundMethod::callBoundMethod(Object(Illuminate\\Foundation\\Application), Array, Object(Closure))\n#13 C:\\xampp\\htdocs\\hostel_manage\\vendor\\laravel\\framework\\src\\Illuminate\\Container\\Container.php(596): Illuminate\\Container\\BoundMethod::call(Object(Illuminate\\Foundation\\Application), Array, Array, NULL)\n#14 C:\\xampp\\htdocs\\hostel_manage\\vendor\\laravel\\framework\\src\\Illuminate\\Bus\\Dispatcher.php(94): Illuminate\\Container\\Container->call(Array)\n#15 C:\\xampp\\htdocs\\hostel_manage\\vendor\\laravel\\framework\\src\\Illuminate\\Pipeline\\Pipeline.php(128): Illuminate\\Bus\\Dispatcher->Illuminate\\Bus\\{closure}(Object(Illuminate\\Mail\\SendQueuedMailable))\n#16 C:\\xampp\\htdocs\\hostel_manage\\vendor\\laravel\\framework\\src\\Illuminate\\Pipeline\\Pipeline.php(103): Illuminate\\Pipeline\\Pipeline->Illuminate\\Pipeline\\{closure}(Object(Illuminate\\Mail\\SendQueuedMailable))\n#17 C:\\xampp\\htdocs\\hostel_manage\\vendor\\laravel\\framework\\src\\Illuminate\\Bus\\Dispatcher.php(98): Illuminate\\Pipeline\\Pipeline->then(Object(Closure))\n#18 C:\\xampp\\htdocs\\hostel_manage\\vendor\\laravel\\framework\\src\\Illuminate\\Queue\\CallQueuedHandler.php(83): Illuminate\\Bus\\Dispatcher->dispatchNow(Object(Illuminate\\Mail\\SendQueuedMailable), false)\n#19 C:\\xampp\\htdocs\\hostel_manage\\vendor\\laravel\\framework\\src\\Illuminate\\Pipeline\\Pipeline.php(128): Illuminate\\Queue\\CallQueuedHandler->Illuminate\\Queue\\{closure}(Object(Illuminate\\Mail\\SendQueuedMailable))\n#20 C:\\xampp\\htdocs\\hostel_manage\\vendor\\laravel\\framework\\src\\Illuminate\\Pipeline\\Pipeline.php(103): Illuminate\\Pipeline\\Pipeline->Illuminate\\Pipeline\\{closure}(Object(Illuminate\\Mail\\SendQueuedMailable))\n#21 C:\\xampp\\htdocs\\hostel_manage\\vendor\\laravel\\framework\\src\\Illuminate\\Queue\\CallQueuedHandler.php(85): Illuminate\\Pipeline\\Pipeline->then(Object(Closure))\n#22 C:\\xampp\\htdocs\\hostel_manage\\vendor\\laravel\\framework\\src\\Illuminate\\Queue\\CallQueuedHandler.php(59): Illuminate\\Queue\\CallQueuedHandler->dispatchThroughMiddleware(Object(Illuminate\\Queue\\Jobs\\DatabaseJob), Object(Illuminate\\Mail\\SendQueuedMailable))\n#23 C:\\xampp\\htdocs\\hostel_manage\\vendor\\laravel\\framework\\src\\Illuminate\\Queue\\Jobs\\Job.php(98): Illuminate\\Queue\\CallQueuedHandler->call(Object(Illuminate\\Queue\\Jobs\\DatabaseJob), Array)\n#24 C:\\xampp\\htdocs\\hostel_manage\\vendor\\laravel\\framework\\src\\Illuminate\\Queue\\Worker.php(356): Illuminate\\Queue\\Jobs\\Job->fire()\n#25 C:\\xampp\\htdocs\\hostel_manage\\vendor\\laravel\\framework\\src\\Illuminate\\Queue\\Worker.php(306): Illuminate\\Queue\\Worker->process(\'database\', Object(Illuminate\\Queue\\Jobs\\DatabaseJob), Object(Illuminate\\Queue\\WorkerOptions))\n#26 C:\\xampp\\htdocs\\hostel_manage\\vendor\\laravel\\framework\\src\\Illuminate\\Queue\\Worker.php(132): Illuminate\\Queue\\Worker->runJob(Object(Illuminate\\Queue\\Jobs\\DatabaseJob), \'database\', Object(Illuminate\\Queue\\WorkerOptions))\n#27 C:\\xampp\\htdocs\\hostel_manage\\vendor\\laravel\\framework\\src\\Illuminate\\Queue\\Console\\WorkCommand.php(112): Illuminate\\Queue\\Worker->daemon(\'database\', \'default\', Object(Illuminate\\Queue\\WorkerOptions))\n#28 C:\\xampp\\htdocs\\hostel_manage\\vendor\\laravel\\framework\\src\\Illuminate\\Queue\\Console\\WorkCommand.php(96): Illuminate\\Queue\\Console\\WorkCommand->runWorker(\'database\', \'default\')\n#29 C:\\xampp\\htdocs\\hostel_manage\\vendor\\laravel\\framework\\src\\Illuminate\\Container\\BoundMethod.php(36): Illuminate\\Queue\\Console\\WorkCommand->handle()\n#30 C:\\xampp\\htdocs\\hostel_manage\\vendor\\laravel\\framework\\src\\Illuminate\\Container\\Util.php(37): Illuminate\\Container\\BoundMethod::Illuminate\\Container\\{closure}()\n#31 C:\\xampp\\htdocs\\hostel_manage\\vendor\\laravel\\framework\\src\\Illuminate\\Container\\BoundMethod.php(93): Illuminate\\Container\\Util::unwrapIfClosure(Object(Closure))\n#32 C:\\xampp\\htdocs\\hostel_manage\\vendor\\laravel\\framework\\src\\Illuminate\\Container\\BoundMethod.php(37): Illuminate\\Container\\BoundMethod::callBoundMethod(Object(Illuminate\\Foundation\\Application), Array, Object(Closure))\n#33 C:\\xampp\\htdocs\\hostel_manage\\vendor\\laravel\\framework\\src\\Illuminate\\Container\\Container.php(596): Illuminate\\Container\\BoundMethod::call(Object(Illuminate\\Foundation\\Application), Array, Array, NULL)\n#34 C:\\xampp\\htdocs\\hostel_manage\\vendor\\laravel\\framework\\src\\Illuminate\\Console\\Command.php(134): Illuminate\\Container\\Container->call(Array)\n#35 C:\\xampp\\htdocs\\hostel_manage\\vendor\\symfony\\console\\Command\\Command.php(298): Illuminate\\Console\\Command->execute(Object(Symfony\\Component\\Console\\Input\\ArgvInput), Object(Illuminate\\Console\\OutputStyle))\n#36 C:\\xampp\\htdocs\\hostel_manage\\vendor\\laravel\\framework\\src\\Illuminate\\Console\\Command.php(121): Symfony\\Component\\Console\\Command\\Command->run(Object(Symfony\\Component\\Console\\Input\\ArgvInput), Object(Illuminate\\Console\\OutputStyle))\n#37 C:\\xampp\\htdocs\\hostel_manage\\vendor\\symfony\\console\\Application.php(1005): Illuminate\\Console\\Command->run(Object(Symfony\\Component\\Console\\Input\\ArgvInput), Object(Symfony\\Component\\Console\\Output\\ConsoleOutput))\n#38 C:\\xampp\\htdocs\\hostel_manage\\vendor\\symfony\\console\\Application.php(299): Symfony\\Component\\Console\\Application->doRunCommand(Object(Illuminate\\Queue\\Console\\WorkCommand), Object(Symfony\\Component\\Console\\Input\\ArgvInput), Object(Symfony\\Component\\Console\\Output\\ConsoleOutput))\n#39 C:\\xampp\\htdocs\\hostel_manage\\vendor\\symfony\\console\\Application.php(171): Symfony\\Component\\Console\\Application->doRun(Object(Symfony\\Component\\Console\\Input\\ArgvInput), Object(Symfony\\Component\\Console\\Output\\ConsoleOutput))\n#40 C:\\xampp\\htdocs\\hostel_manage\\vendor\\laravel\\framework\\src\\Illuminate\\Console\\Application.php(93): Symfony\\Component\\Console\\Application->run(Object(Symfony\\Component\\Console\\Input\\ArgvInput), Object(Symfony\\Component\\Console\\Output\\ConsoleOutput))\n#41 C:\\xampp\\htdocs\\hostel_manage\\vendor\\laravel\\framework\\src\\Illuminate\\Foundation\\Console\\Kernel.php(129): Illuminate\\Console\\Application->run(Object(Symfony\\Component\\Console\\Input\\ArgvInput), Object(Symfony\\Component\\Console\\Output\\ConsoleOutput))\n#42 C:\\xampp\\htdocs\\hostel_manage\\artisan(37): Illuminate\\Foundation\\Console\\Kernel->handle(Object(Symfony\\Component\\Console\\Input\\ArgvInput), Object(Symfony\\Component\\Console\\Output\\ConsoleOutput))\n#43 {main}', '2022-02-27 12:20:39');

-- --------------------------------------------------------

--
-- Table structure for table `foods`
--

DROP TABLE IF EXISTS `foods`;
CREATE TABLE IF NOT EXISTS `foods` (
  `id` int(10) UNSIGNED NOT NULL AUTO_INCREMENT,
  `name` varchar(250) COLLATE utf8mb4_unicode_ci NOT NULL,
  `description` longtext COLLATE utf8mb4_unicode_ci NOT NULL,
  `pic_url` varchar(255) COLLATE utf8mb4_unicode_ci DEFAULT 'https://cdn1.iconfinder.com/data/icons/social-messaging-ui-color-shapes/128/eat-circle-orange-1024.png',
  `created_at` timestamp NULL DEFAULT NULL,
  `updated_at` timestamp NULL DEFAULT NULL,
  PRIMARY KEY (`id`)
) ENGINE=MyISAM AUTO_INCREMENT=4 DEFAULT CHARSET=utf8mb4 COLLATE=utf8mb4_unicode_ci;

--
-- Dumping data for table `foods`
--

INSERT INTO `foods` (`id`, `name`, `description`, `pic_url`, `created_at`, `updated_at`) VALUES
(1, 'Chicken Nuggets', 'Very tasty', 'https://hips.hearstapps.com/hmg-prod.s3.amazonaws.com/images/delish-keto-pizza-073-1544039876.jpg?crop=0.668xw:1.00xh;0.233xw,0.00255xh&resize=980:*', NULL, NULL),
(2, 'Fish Cutlet', 'Fresh from ocean', 'https://hips.hearstapps.com/hmg-prod.s3.amazonaws.com/images/delish-keto-pizza-073-1544039876.jpg?crop=0.668xw:1.00xh;0.233xw,0.00255xh&resize=980:*', '2022-01-08 06:15:10', '2022-01-08 06:15:10'),
(3, 'Pizza', 'We\'ve seen it all kinds of ways, with different types of flours, but we settled on almond flour for its nutty flavor. We also mix in spicesItalian seasoning and garlic powderto give it more flavor. We skip yeast because it can be a pain and instead incorporate eggs and olive oil. The eggs help make the crust fluffy.', 'https://hips.hearstapps.com/hmg-prod.s3.amazonaws.com/images/delish-keto-pizza-073-1544039876.jpg?crop=0.668xw:1.00xh;0.233xw,0.00255xh&resize=980:*', '2022-01-22 07:47:47', '2022-01-22 07:47:47');

-- --------------------------------------------------------

--
-- Table structure for table `jobs`
--

DROP TABLE IF EXISTS `jobs`;
CREATE TABLE IF NOT EXISTS `jobs` (
  `id` bigint(20) UNSIGNED NOT NULL AUTO_INCREMENT,
  `queue` varchar(250) COLLATE utf8mb4_unicode_ci NOT NULL,
  `payload` longtext COLLATE utf8mb4_unicode_ci NOT NULL,
  `attempts` tinyint(3) UNSIGNED NOT NULL,
  `reserved_at` int(10) UNSIGNED DEFAULT NULL,
  `available_at` int(10) UNSIGNED NOT NULL,
  `created_at` int(10) UNSIGNED NOT NULL,
  PRIMARY KEY (`id`),
  KEY `jobs_queue_index` (`queue`)
) ENGINE=MyISAM AUTO_INCREMENT=46 DEFAULT CHARSET=utf8mb4 COLLATE=utf8mb4_unicode_ci;

--
-- Dumping data for table `jobs`
--

INSERT INTO `jobs` (`id`, `queue`, `payload`, `attempts`, `reserved_at`, `available_at`, `created_at`) VALUES
(45, 'default', '{\"uuid\":\"0e072ae5-3000-4585-bfc0-f1deb31b033e\",\"displayName\":\"App\\\\Mail\\\\MailEngine\",\"job\":\"Illuminate\\\\Queue\\\\CallQueuedHandler@call\",\"maxTries\":null,\"maxExceptions\":null,\"delay\":null,\"timeout\":null,\"timeoutAt\":null,\"data\":{\"commandName\":\"Illuminate\\\\Mail\\\\SendQueuedMailable\",\"command\":\"O:34:\\\"Illuminate\\\\Mail\\\\SendQueuedMailable\\\":3:{s:8:\\\"mailable\\\";O:19:\\\"App\\\\Mail\\\\MailEngine\\\":26:{s:4:\\\"data\\\";a:4:{s:9:\\\"recipient\\\";s:15:\\\"nilar@gmail.com\\\";s:7:\\\"subject\\\";s:16:\\\"Profile Approved\\\";s:7:\\\"message\\\";s:40:\\\"Congrats! Your Profile has been approved\\\";s:9:\\\"user_name\\\";s:5:\\\"admin\\\";}s:6:\\\"locale\\\";N;s:4:\\\"from\\\";a:0:{}s:2:\\\"to\\\";a:1:{i:0;a:2:{s:4:\\\"name\\\";N;s:7:\\\"address\\\";s:15:\\\"nilar@gmail.com\\\";}}s:2:\\\"cc\\\";a:0:{}s:3:\\\"bcc\\\";a:0:{}s:7:\\\"replyTo\\\";a:0:{}s:7:\\\"subject\\\";N;s:11:\\\"\\u0000*\\u0000markdown\\\";N;s:7:\\\"\\u0000*\\u0000html\\\";N;s:4:\\\"view\\\";N;s:8:\\\"textView\\\";N;s:8:\\\"viewData\\\";a:0:{}s:11:\\\"attachments\\\";a:0:{}s:14:\\\"rawAttachments\\\";a:0:{}s:15:\\\"diskAttachments\\\";a:0:{}s:9:\\\"callbacks\\\";a:0:{}s:5:\\\"theme\\\";N;s:6:\\\"mailer\\\";s:4:\\\"smtp\\\";s:10:\\\"connection\\\";N;s:5:\\\"queue\\\";N;s:15:\\\"chainConnection\\\";N;s:10:\\\"chainQueue\\\";N;s:5:\\\"delay\\\";N;s:10:\\\"middleware\\\";a:0:{}s:7:\\\"chained\\\";a:0:{}}s:5:\\\"tries\\\";N;s:7:\\\"timeout\\\";N;}\"}}', 0, NULL, 1659882117, 1659882117),
(44, 'default', '{\"uuid\":\"bb822a09-c9c7-4344-97c3-8472b789573c\",\"displayName\":\"App\\\\Mail\\\\MailEngine\",\"job\":\"Illuminate\\\\Queue\\\\CallQueuedHandler@call\",\"maxTries\":null,\"maxExceptions\":null,\"delay\":null,\"timeout\":null,\"timeoutAt\":null,\"data\":{\"commandName\":\"Illuminate\\\\Mail\\\\SendQueuedMailable\",\"command\":\"O:34:\\\"Illuminate\\\\Mail\\\\SendQueuedMailable\\\":3:{s:8:\\\"mailable\\\";O:19:\\\"App\\\\Mail\\\\MailEngine\\\":26:{s:4:\\\"data\\\";a:4:{s:9:\\\"recipient\\\";s:22:\\\"2019ucp1429@mnit.ac.in\\\";s:7:\\\"subject\\\";s:16:\\\"Profile Approved\\\";s:7:\\\"message\\\";s:40:\\\"Congrats! Your Profile has been approved\\\";s:9:\\\"user_name\\\";s:5:\\\"admin\\\";}s:6:\\\"locale\\\";N;s:4:\\\"from\\\";a:0:{}s:2:\\\"to\\\";a:1:{i:0;a:2:{s:4:\\\"name\\\";N;s:7:\\\"address\\\";s:22:\\\"2019ucp1429@mnit.ac.in\\\";}}s:2:\\\"cc\\\";a:0:{}s:3:\\\"bcc\\\";a:0:{}s:7:\\\"replyTo\\\";a:0:{}s:7:\\\"subject\\\";N;s:11:\\\"\\u0000*\\u0000markdown\\\";N;s:7:\\\"\\u0000*\\u0000html\\\";N;s:4:\\\"view\\\";N;s:8:\\\"textView\\\";N;s:8:\\\"viewData\\\";a:0:{}s:11:\\\"attachments\\\";a:0:{}s:14:\\\"rawAttachments\\\";a:0:{}s:15:\\\"diskAttachments\\\";a:0:{}s:9:\\\"callbacks\\\";a:0:{}s:5:\\\"theme\\\";N;s:6:\\\"mailer\\\";s:4:\\\"smtp\\\";s:10:\\\"connection\\\";N;s:5:\\\"queue\\\";N;s:15:\\\"chainConnection\\\";N;s:10:\\\"chainQueue\\\";N;s:5:\\\"delay\\\";N;s:10:\\\"middleware\\\";a:0:{}s:7:\\\"chained\\\";a:0:{}}s:5:\\\"tries\\\";N;s:7:\\\"timeout\\\";N;}\"}}', 0, NULL, 1645277574, 1645277574),
(43, 'default', '{\"uuid\":\"04cc012b-7e3a-448c-8a10-860e1c3c0a14\",\"displayName\":\"App\\\\Mail\\\\MailEngine\",\"job\":\"Illuminate\\\\Queue\\\\CallQueuedHandler@call\",\"maxTries\":null,\"maxExceptions\":null,\"delay\":null,\"timeout\":null,\"timeoutAt\":null,\"data\":{\"commandName\":\"Illuminate\\\\Mail\\\\SendQueuedMailable\",\"command\":\"O:34:\\\"Illuminate\\\\Mail\\\\SendQueuedMailable\\\":3:{s:8:\\\"mailable\\\";O:19:\\\"App\\\\Mail\\\\MailEngine\\\":26:{s:4:\\\"data\\\";a:4:{s:9:\\\"recipient\\\";s:15:\\\"nilar@gmail.com\\\";s:7:\\\"subject\\\";s:16:\\\"Profile Approved\\\";s:7:\\\"message\\\";s:40:\\\"Congrats! Your Profile has been approved\\\";s:9:\\\"user_name\\\";s:5:\\\"admin\\\";}s:6:\\\"locale\\\";N;s:4:\\\"from\\\";a:0:{}s:2:\\\"to\\\";a:1:{i:0;a:2:{s:4:\\\"name\\\";N;s:7:\\\"address\\\";s:15:\\\"nilar@gmail.com\\\";}}s:2:\\\"cc\\\";a:0:{}s:3:\\\"bcc\\\";a:0:{}s:7:\\\"replyTo\\\";a:0:{}s:7:\\\"subject\\\";N;s:11:\\\"\\u0000*\\u0000markdown\\\";N;s:7:\\\"\\u0000*\\u0000html\\\";N;s:4:\\\"view\\\";N;s:8:\\\"textView\\\";N;s:8:\\\"viewData\\\";a:0:{}s:11:\\\"attachments\\\";a:0:{}s:14:\\\"rawAttachments\\\";a:0:{}s:15:\\\"diskAttachments\\\";a:0:{}s:9:\\\"callbacks\\\";a:0:{}s:5:\\\"theme\\\";N;s:6:\\\"mailer\\\";s:4:\\\"smtp\\\";s:10:\\\"connection\\\";N;s:5:\\\"queue\\\";N;s:15:\\\"chainConnection\\\";N;s:10:\\\"chainQueue\\\";N;s:5:\\\"delay\\\";N;s:10:\\\"middleware\\\";a:0:{}s:7:\\\"chained\\\";a:0:{}}s:5:\\\"tries\\\";N;s:7:\\\"timeout\\\";N;}\"}}', 1, 1645984239, 1644042650, 1644042650);

-- --------------------------------------------------------

--
-- Table structure for table `menues`
--

DROP TABLE IF EXISTS `menues`;
CREATE TABLE IF NOT EXISTS `menues` (
  `id` int(10) UNSIGNED NOT NULL AUTO_INCREMENT,
  `food_id` int(11) NOT NULL,
  `time` int(11) NOT NULL,
  `day` varchar(255) COLLATE utf8mb4_unicode_ci NOT NULL,
  `created_at` timestamp NULL DEFAULT NULL,
  `updated_at` timestamp NULL DEFAULT NULL,
  PRIMARY KEY (`id`)
) ENGINE=MyISAM AUTO_INCREMENT=29 DEFAULT CHARSET=utf8mb4 COLLATE=utf8mb4_unicode_ci;

--
-- Dumping data for table `menues`
--

INSERT INTO `menues` (`id`, `food_id`, `time`, `day`, `created_at`, `updated_at`) VALUES
(1, 1, 1, 'sun', NULL, NULL),
(2, 1, 1, 'mon', NULL, NULL),
(3, 1, 1, 'tue', NULL, NULL),
(4, 1, 1, 'wed', NULL, NULL),
(5, 1, 1, 'thu', NULL, NULL),
(6, 1, 1, 'fri', NULL, NULL),
(7, 2, 1, 'sat', NULL, '2022-01-08 06:17:00'),
(15, 1, 2, 'sun', NULL, NULL),
(16, 1, 2, 'mon', NULL, NULL),
(17, 1, 2, 'tue', NULL, NULL),
(18, 1, 2, 'wed', NULL, NULL),
(19, 1, 2, 'thu', NULL, NULL),
(20, 1, 2, 'fri', NULL, NULL),
(21, 1, 2, 'sat', NULL, NULL),
(22, 1, 3, 'sun', NULL, NULL),
(23, 1, 3, 'mon', NULL, NULL),
(24, 1, 3, 'tue', NULL, NULL),
(25, 1, 3, 'wed', NULL, NULL),
(26, 1, 3, 'thu', NULL, NULL),
(27, 1, 3, 'fri', NULL, NULL),
(28, 3, 3, 'sat', NULL, '2022-01-22 07:52:01');

-- --------------------------------------------------------

--
-- Table structure for table `migrations`
--

DROP TABLE IF EXISTS `migrations`;
CREATE TABLE IF NOT EXISTS `migrations` (
  `id` int(10) UNSIGNED NOT NULL AUTO_INCREMENT,
  `migration` varchar(255) COLLATE utf8mb4_unicode_ci NOT NULL,
  `batch` int(11) NOT NULL,
  PRIMARY KEY (`id`)
) ENGINE=MyISAM AUTO_INCREMENT=10 DEFAULT CHARSET=utf8mb4 COLLATE=utf8mb4_unicode_ci;

--
-- Dumping data for table `migrations`
--

INSERT INTO `migrations` (`id`, `migration`, `batch`) VALUES
(1, '2014_10_12_000000_create_users_table', 1),
(2, '2014_10_12_100000_create_password_resets_table', 1),
(3, '2019_08_19_000000_create_failed_jobs_table', 1),
(4, '2022_01_08_091523_create_jobs_table', 1),
(5, '2022_01_08_094325_create_roles', 1),
(6, '2022_01_08_094528_create_foods', 1),
(7, '2022_01_08_110833_create_menues', 1),
(8, '2022_01_08_111037_create_timings', 1),
(9, '2022_01_08_111527_create_rooms', 1);

-- --------------------------------------------------------

--
-- Table structure for table `password_resets`
--

DROP TABLE IF EXISTS `password_resets`;
CREATE TABLE IF NOT EXISTS `password_resets` (
  `email` varchar(250) COLLATE utf8mb4_unicode_ci NOT NULL,
  `token` varchar(255) COLLATE utf8mb4_unicode_ci NOT NULL,
  `created_at` timestamp NULL DEFAULT NULL,
  KEY `password_resets_email_index` (`email`)
) ENGINE=MyISAM DEFAULT CHARSET=utf8mb4 COLLATE=utf8mb4_unicode_ci;

--
-- Dumping data for table `password_resets`
--

INSERT INTO `password_resets` (`email`, `token`, `created_at`) VALUES
('nilarnabdebnath@gmail.com', '$2y$10$vrqnNVfuS9s5YO.3mJrlLebU2zCojVezGhNX4ucJhTT9leMN5umoq', '2022-03-28 06:02:55');

-- --------------------------------------------------------

--
-- Table structure for table `roles`
--

DROP TABLE IF EXISTS `roles`;
CREATE TABLE IF NOT EXISTS `roles` (
  `id` int(10) UNSIGNED NOT NULL AUTO_INCREMENT,
  `name` varchar(100) COLLATE utf8mb4_unicode_ci NOT NULL,
  `created_at` timestamp NULL DEFAULT NULL,
  `updated_at` timestamp NULL DEFAULT NULL,
  PRIMARY KEY (`id`)
) ENGINE=MyISAM AUTO_INCREMENT=5 DEFAULT CHARSET=utf8mb4 COLLATE=utf8mb4_unicode_ci;

--
-- Dumping data for table `roles`
--

INSERT INTO `roles` (`id`, `name`, `created_at`, `updated_at`) VALUES
(1, 'Hosteler', NULL, NULL),
(2, 'Care Taker', NULL, NULL),
(3, 'Mess Secretary', NULL, NULL),
(4, 'Food Provider', NULL, NULL);

-- --------------------------------------------------------

--
-- Table structure for table `rooms`
--

DROP TABLE IF EXISTS `rooms`;
CREATE TABLE IF NOT EXISTS `rooms` (
  `id` int(10) UNSIGNED NOT NULL AUTO_INCREMENT,
  `name` varchar(250) COLLATE utf8mb4_unicode_ci NOT NULL,
  `taken_by` int(11) DEFAULT NULL,
  `status` int(11) NOT NULL,
  `created_at` timestamp NULL DEFAULT NULL,
  `updated_at` timestamp NULL DEFAULT NULL,
  PRIMARY KEY (`id`)
) ENGINE=MyISAM AUTO_INCREMENT=169 DEFAULT CHARSET=utf8mb4 COLLATE=utf8mb4_unicode_ci;

--
-- Dumping data for table `rooms`
--

INSERT INTO `rooms` (`id`, `name`, `taken_by`, `status`, `created_at`, `updated_at`) VALUES
(1, 'F505', NULL, 1, NULL, '2022-02-01 05:10:51'),
(3, 'F506', 1, 2, '2022-01-14 06:45:28', '2022-02-01 05:10:51'),
(4, 'F507', NULL, 3, '2022-01-14 06:47:41', '2022-01-27 06:17:07'),
(5, 'F508', NULL, 1, '2022-01-14 06:49:08', '2022-01-14 22:59:34'),
(6, 'A001', NULL, 1, '2022-01-27 06:54:05', '2022-01-27 06:54:05'),
(7, 'A000', NULL, 3, '2022-01-27 06:59:15', '2022-02-05 01:00:43'),
(8, 'A011', NULL, 1, '2022-01-27 06:59:22', '2022-01-27 06:59:22'),
(9, 'A002', NULL, 1, '2022-01-27 06:59:32', '2022-01-27 06:59:32'),
(10, 'A003', NULL, 1, '2022-01-27 06:59:33', '2022-01-27 06:59:33'),
(11, 'A004', NULL, 1, '2022-01-27 06:59:34', '2022-01-27 06:59:34'),
(12, 'A005', NULL, 1, '2022-01-27 06:59:34', '2022-01-27 06:59:34'),
(13, 'A006', NULL, 1, '2022-01-27 06:59:35', '2022-01-27 06:59:35'),
(14, 'A007', NULL, 1, '2022-01-27 06:59:36', '2022-01-27 06:59:36'),
(15, 'A008', NULL, 1, '2022-01-27 06:59:36', '2022-01-27 06:59:36'),
(16, 'A010', NULL, 1, '2022-01-27 06:59:37', '2022-01-27 06:59:37'),
(17, 'A012', NULL, 1, '2022-01-27 06:59:39', '2022-01-27 06:59:39'),
(18, 'A013', NULL, 1, '2022-01-27 06:59:50', '2022-01-27 06:59:50'),
(19, 'A014', NULL, 1, '2022-01-27 06:59:51', '2022-01-27 06:59:51'),
(20, 'A015', NULL, 1, '2022-01-27 06:59:52', '2022-01-27 06:59:52'),
(21, 'A016', NULL, 1, '2022-01-27 06:59:53', '2022-01-27 06:59:53'),
(22, 'A017', NULL, 1, '2022-01-27 06:59:54', '2022-01-27 06:59:54'),
(23, 'A018', NULL, 1, '2022-01-27 06:59:54', '2022-01-27 06:59:54'),
(24, 'A020', NULL, 1, '2022-01-27 06:59:55', '2022-01-27 06:59:55'),
(25, 'A021', NULL, 1, '2022-01-27 06:59:56', '2022-01-27 06:59:56'),
(26, 'A022', NULL, 1, '2022-01-27 06:59:58', '2022-01-27 06:59:58'),
(27, 'A023', NULL, 1, '2022-01-27 06:59:59', '2022-01-27 06:59:59'),
(28, 'A024', NULL, 1, '2022-01-27 07:00:00', '2022-01-27 07:00:00'),
(29, 'A025', NULL, 1, '2022-01-27 07:00:00', '2022-01-27 07:00:00'),
(30, 'A026', NULL, 1, '2022-01-27 07:00:01', '2022-01-27 07:00:01'),
(31, 'A027', NULL, 1, '2022-01-27 07:00:01', '2022-01-27 07:00:01'),
(32, 'A028', NULL, 1, '2022-01-27 07:00:01', '2022-01-27 07:00:01'),
(33, 'A030', NULL, 1, '2022-01-27 07:00:02', '2022-01-27 07:00:02'),
(34, 'A031', NULL, 1, '2022-01-27 07:00:02', '2022-01-27 07:00:02'),
(35, 'A032', NULL, 1, '2022-01-27 07:00:03', '2022-01-27 07:00:03'),
(36, 'A033', NULL, 1, '2022-01-27 07:00:04', '2022-01-27 07:00:04'),
(37, 'A034', NULL, 1, '2022-01-27 07:00:05', '2022-01-27 07:00:05'),
(38, 'A035', NULL, 1, '2022-01-27 07:00:05', '2022-01-27 07:00:05'),
(39, 'A036', NULL, 1, '2022-01-27 07:00:06', '2022-01-27 07:00:06'),
(40, 'A037', NULL, 1, '2022-01-27 07:00:07', '2022-01-27 07:00:07'),
(41, 'A038', NULL, 1, '2022-01-27 07:00:08', '2022-01-27 07:00:08'),
(42, 'A040', NULL, 1, '2022-01-27 07:00:08', '2022-01-27 07:00:08'),
(43, 'A041', NULL, 1, '2022-01-27 07:00:09', '2022-01-27 07:00:09'),
(44, 'A042', NULL, 1, '2022-01-27 07:00:10', '2022-01-27 07:00:10'),
(45, 'A043', NULL, 1, '2022-01-27 07:00:11', '2022-01-27 07:00:11'),
(46, 'A044', NULL, 1, '2022-01-27 07:00:11', '2022-01-27 07:00:11'),
(47, 'A045', NULL, 1, '2022-01-27 07:00:12', '2022-01-27 07:00:12'),
(48, 'A046', NULL, 1, '2022-01-27 07:00:13', '2022-01-27 07:00:13'),
(49, 'A047', NULL, 1, '2022-01-27 07:00:14', '2022-01-27 07:00:14'),
(50, 'A048', NULL, 1, '2022-01-27 07:00:14', '2022-01-27 07:00:14'),
(51, 'A050', NULL, 1, '2022-01-27 07:00:15', '2022-01-27 07:00:15'),
(52, 'A051', NULL, 1, '2022-01-27 07:00:16', '2022-01-27 07:00:16'),
(53, 'A052', NULL, 1, '2022-01-27 07:00:16', '2022-01-27 07:00:16'),
(54, 'A053', NULL, 1, '2022-01-27 07:00:17', '2022-01-27 07:00:17'),
(55, 'A054', NULL, 1, '2022-01-27 07:00:18', '2022-01-27 07:00:18'),
(56, 'A055', NULL, 1, '2022-01-27 07:00:19', '2022-01-27 07:00:19'),
(57, 'A056', NULL, 1, '2022-01-27 07:00:19', '2022-01-27 07:00:19'),
(58, 'A057', NULL, 1, '2022-01-27 07:00:20', '2022-01-27 07:00:20'),
(59, 'A058', NULL, 1, '2022-01-27 07:00:21', '2022-01-27 07:00:21'),
(60, 'A060', NULL, 1, '2022-01-27 07:00:22', '2022-01-27 07:00:22'),
(61, 'A061', NULL, 1, '2022-01-27 07:00:22', '2022-01-27 07:00:22'),
(62, 'A062', NULL, 1, '2022-01-27 07:00:23', '2022-01-27 07:00:23'),
(63, 'A063', NULL, 1, '2022-01-27 07:00:23', '2022-01-27 07:00:23'),
(64, 'A064', NULL, 1, '2022-01-27 07:00:24', '2022-01-27 07:00:24'),
(65, 'A065', NULL, 1, '2022-01-27 07:00:24', '2022-01-27 07:00:24'),
(66, 'A066', NULL, 1, '2022-01-27 07:00:25', '2022-01-27 07:00:25'),
(67, 'A067', NULL, 1, '2022-01-27 07:00:25', '2022-01-27 07:00:25'),
(68, 'A068', NULL, 1, '2022-01-27 07:00:25', '2022-01-27 07:00:25'),
(69, 'A070', NULL, 1, '2022-01-27 07:00:26', '2022-01-27 07:00:26'),
(70, 'A071', NULL, 1, '2022-01-27 07:00:27', '2022-01-27 07:00:27'),
(71, 'A072', NULL, 1, '2022-01-27 07:00:28', '2022-01-27 07:00:28'),
(72, 'A073', NULL, 1, '2022-01-27 07:00:28', '2022-01-27 07:00:28'),
(73, 'A074', NULL, 1, '2022-01-27 07:00:29', '2022-01-27 07:00:29'),
(74, 'A075', NULL, 1, '2022-01-27 07:00:30', '2022-01-27 07:00:30'),
(75, 'A076', NULL, 1, '2022-01-27 07:00:31', '2022-01-27 07:00:31'),
(76, 'A077', NULL, 1, '2022-01-27 07:00:31', '2022-01-27 07:00:31'),
(77, 'A078', NULL, 1, '2022-01-27 07:00:32', '2022-01-27 07:00:32'),
(78, 'A080', NULL, 1, '2022-01-27 07:00:33', '2022-01-27 07:00:33'),
(79, 'A081', NULL, 1, '2022-01-27 07:00:34', '2022-01-27 07:00:34'),
(80, 'A082', NULL, 1, '2022-01-27 07:00:35', '2022-01-27 07:00:35'),
(81, 'A083', NULL, 1, '2022-01-27 07:00:35', '2022-01-27 07:00:35'),
(82, 'A084', NULL, 1, '2022-01-27 07:00:36', '2022-01-27 07:00:36'),
(83, 'A085', NULL, 1, '2022-01-27 07:00:37', '2022-01-27 07:00:37'),
(84, 'A086', NULL, 1, '2022-01-27 07:00:38', '2022-01-27 07:00:38'),
(85, 'A087', NULL, 1, '2022-01-27 07:00:38', '2022-01-27 07:00:38'),
(86, 'A088', NULL, 1, '2022-01-27 07:00:39', '2022-01-27 07:00:39'),
(87, 'B000', NULL, 1, '2022-01-27 07:00:40', '2022-01-27 07:00:40'),
(88, 'B001', NULL, 1, '2022-01-27 07:00:41', '2022-01-27 07:00:41'),
(89, 'B002', NULL, 1, '2022-01-27 07:00:41', '2022-01-27 07:00:41'),
(90, 'B003', NULL, 1, '2022-01-27 07:00:42', '2022-01-27 07:00:42'),
(91, 'B004', NULL, 1, '2022-01-27 07:00:43', '2022-01-27 07:00:43'),
(92, 'B005', NULL, 1, '2022-01-27 07:00:44', '2022-01-27 07:00:44'),
(93, 'B006', NULL, 1, '2022-01-27 07:00:44', '2022-01-27 07:00:44'),
(94, 'B007', NULL, 1, '2022-01-27 07:00:45', '2022-01-27 07:00:45'),
(95, 'B008', NULL, 1, '2022-01-27 07:00:46', '2022-01-27 07:00:46'),
(96, 'B010', NULL, 1, '2022-01-27 07:00:47', '2022-01-27 07:00:47'),
(97, 'B011', NULL, 1, '2022-01-27 07:00:47', '2022-01-27 07:00:47'),
(98, 'B012', NULL, 1, '2022-01-27 07:00:48', '2022-01-27 07:00:48'),
(99, 'B013', NULL, 1, '2022-01-27 07:00:49', '2022-01-27 07:00:49'),
(100, 'B014', NULL, 1, '2022-01-27 07:00:50', '2022-01-27 07:00:50'),
(101, 'B015', NULL, 1, '2022-01-27 07:00:50', '2022-01-27 07:00:50'),
(102, 'B016', NULL, 1, '2022-01-27 07:00:51', '2022-01-27 07:00:51'),
(103, 'B017', NULL, 1, '2022-01-27 07:00:52', '2022-01-27 07:00:52'),
(104, 'B018', NULL, 1, '2022-01-27 07:00:53', '2022-01-27 07:00:53'),
(105, 'B020', NULL, 1, '2022-01-27 07:00:53', '2022-01-27 07:00:53'),
(106, 'B021', NULL, 1, '2022-01-27 07:00:54', '2022-01-27 07:00:54'),
(107, 'B022', NULL, 1, '2022-01-27 07:00:55', '2022-01-27 07:00:55'),
(108, 'B023', NULL, 1, '2022-01-27 07:00:56', '2022-01-27 07:00:56'),
(109, 'B024', NULL, 1, '2022-01-27 07:00:57', '2022-01-27 07:00:57'),
(110, 'B025', NULL, 1, '2022-01-27 07:00:58', '2022-01-27 07:00:58'),
(111, 'B026', NULL, 1, '2022-01-27 07:00:58', '2022-01-27 07:00:58'),
(112, 'B027', NULL, 1, '2022-01-27 07:00:59', '2022-01-27 07:00:59'),
(113, 'B028', NULL, 1, '2022-01-27 07:01:00', '2022-01-27 07:01:00'),
(114, 'B030', NULL, 1, '2022-01-27 07:01:01', '2022-01-27 07:01:01'),
(115, 'B031', NULL, 1, '2022-01-27 07:01:02', '2022-01-27 07:01:02'),
(116, 'B032', NULL, 1, '2022-01-27 07:01:03', '2022-01-27 07:01:03'),
(117, 'B033', NULL, 1, '2022-01-27 07:01:04', '2022-01-27 07:01:04'),
(118, 'B034', NULL, 1, '2022-01-27 07:01:04', '2022-01-27 07:01:04'),
(119, 'B035', NULL, 1, '2022-01-27 07:01:05', '2022-01-27 07:01:05'),
(120, 'B036', NULL, 1, '2022-01-27 07:01:06', '2022-01-27 07:01:06'),
(121, 'B037', NULL, 1, '2022-01-27 07:01:07', '2022-01-27 07:01:07'),
(122, 'B038', NULL, 1, '2022-01-27 07:01:07', '2022-01-27 07:01:07'),
(123, 'B040', NULL, 1, '2022-01-27 07:01:08', '2022-01-27 07:01:08'),
(124, 'B041', NULL, 1, '2022-01-27 07:01:09', '2022-01-27 07:01:09'),
(125, 'B042', NULL, 1, '2022-01-27 07:01:10', '2022-01-27 07:01:10'),
(126, 'B043', NULL, 1, '2022-01-27 07:01:10', '2022-01-27 07:01:10'),
(127, 'B044', NULL, 1, '2022-01-27 07:01:11', '2022-01-27 07:01:11'),
(128, 'B045', NULL, 1, '2022-01-27 07:01:12', '2022-01-27 07:01:12'),
(129, 'B046', NULL, 1, '2022-01-27 07:01:12', '2022-01-27 07:01:12'),
(130, 'B047', NULL, 1, '2022-01-27 07:01:13', '2022-01-27 07:01:13'),
(131, 'B048', NULL, 1, '2022-01-27 07:01:14', '2022-01-27 07:01:14'),
(132, 'B050', NULL, 1, '2022-01-27 07:01:14', '2022-01-27 07:01:14'),
(133, 'B051', NULL, 1, '2022-01-27 07:01:15', '2022-01-27 07:01:15'),
(134, 'B052', NULL, 1, '2022-01-27 07:01:16', '2022-01-27 07:01:16'),
(135, 'B053', NULL, 1, '2022-01-27 07:01:17', '2022-01-27 07:01:17'),
(136, 'B054', NULL, 1, '2022-01-27 07:01:17', '2022-01-27 07:01:17'),
(137, 'B055', NULL, 1, '2022-01-27 07:01:18', '2022-01-27 07:01:18'),
(138, 'B056', NULL, 1, '2022-01-27 07:01:19', '2022-01-27 07:01:19'),
(139, 'B057', NULL, 1, '2022-01-27 07:01:19', '2022-01-27 07:01:19'),
(140, 'B058', NULL, 1, '2022-01-27 07:01:20', '2022-01-27 07:01:20'),
(141, 'B060', NULL, 1, '2022-01-27 07:01:21', '2022-01-27 07:01:21'),
(142, 'B061', NULL, 1, '2022-01-27 07:01:21', '2022-01-27 07:01:21'),
(143, 'B062', NULL, 1, '2022-01-27 07:01:22', '2022-01-27 07:01:22'),
(144, 'B063', NULL, 1, '2022-01-27 07:01:23', '2022-01-27 07:01:23'),
(145, 'B064', NULL, 1, '2022-01-27 07:01:23', '2022-01-27 07:01:23'),
(146, 'B065', NULL, 1, '2022-01-27 07:01:24', '2022-01-27 07:01:24'),
(147, 'B066', NULL, 1, '2022-01-27 07:01:25', '2022-01-27 07:01:25'),
(148, 'B067', NULL, 1, '2022-01-27 07:01:26', '2022-01-27 07:01:26'),
(149, 'B068', NULL, 1, '2022-01-27 07:01:26', '2022-01-27 07:01:26'),
(150, 'B070', NULL, 1, '2022-01-27 07:01:27', '2022-01-27 07:01:27'),
(151, 'B071', NULL, 1, '2022-01-27 07:01:28', '2022-01-27 07:01:28'),
(152, 'B072', NULL, 1, '2022-01-27 07:01:28', '2022-01-27 07:01:28'),
(153, 'B073', NULL, 1, '2022-01-27 07:01:29', '2022-01-27 07:01:29'),
(154, 'B074', NULL, 1, '2022-01-27 07:01:30', '2022-01-27 07:01:30'),
(155, 'B075', NULL, 1, '2022-01-27 07:01:30', '2022-01-27 07:01:30'),
(156, 'B076', NULL, 1, '2022-01-27 07:01:31', '2022-01-27 07:01:31'),
(157, 'B077', NULL, 1, '2022-01-27 07:01:32', '2022-01-27 07:01:32'),
(158, 'B078', NULL, 1, '2022-01-27 07:01:33', '2022-01-27 07:01:33'),
(159, 'B080', NULL, 1, '2022-01-27 07:01:33', '2022-01-27 07:01:33'),
(160, 'B081', NULL, 1, '2022-01-27 07:01:34', '2022-01-27 07:01:34'),
(161, 'B082', NULL, 1, '2022-01-27 07:01:35', '2022-01-27 07:01:35'),
(162, 'B083', NULL, 1, '2022-01-27 07:01:35', '2022-01-27 07:01:35'),
(163, 'B084', NULL, 1, '2022-01-27 07:01:36', '2022-01-27 07:01:36'),
(164, 'B085', NULL, 1, '2022-01-27 07:01:37', '2022-01-27 07:01:37'),
(165, 'B086', NULL, 1, '2022-01-27 07:01:37', '2022-01-27 07:01:37'),
(166, 'B087', NULL, 1, '2022-01-27 07:01:38', '2022-01-27 07:01:38'),
(167, 'B088', NULL, 1, '2022-01-27 07:01:39', '2022-01-27 07:01:39'),
(168, 'C000', 7, 2, '2022-01-27 07:01:40', '2023-01-05 11:14:23');

-- --------------------------------------------------------

--
-- Table structure for table `status`
--

DROP TABLE IF EXISTS `status`;
CREATE TABLE IF NOT EXISTS `status` (
  `id` int(11) NOT NULL AUTO_INCREMENT,
  `name` varchar(255) NOT NULL,
  PRIMARY KEY (`id`)
) ENGINE=MyISAM AUTO_INCREMENT=5 DEFAULT CHARSET=latin1;

--
-- Dumping data for table `status`
--

INSERT INTO `status` (`id`, `name`) VALUES
(1, 'available'),
(2, 'taken'),
(3, 'unusable'),
(4, 'requested');

-- --------------------------------------------------------

--
-- Table structure for table `timings`
--

DROP TABLE IF EXISTS `timings`;
CREATE TABLE IF NOT EXISTS `timings` (
  `id` bigint(20) UNSIGNED NOT NULL AUTO_INCREMENT,
  `meal_name` varchar(250) COLLATE utf8mb4_unicode_ci NOT NULL,
  `start` time DEFAULT NULL,
  `end` time DEFAULT NULL,
  `created_at` timestamp NULL DEFAULT NULL,
  `updated_at` timestamp NULL DEFAULT NULL,
  PRIMARY KEY (`id`)
) ENGINE=MyISAM AUTO_INCREMENT=4 DEFAULT CHARSET=utf8mb4 COLLATE=utf8mb4_unicode_ci;

--
-- Dumping data for table `timings`
--

INSERT INTO `timings` (`id`, `meal_name`, `start`, `end`, `created_at`, `updated_at`) VALUES
(1, 'Breakfast', '08:00:00', '10:00:00', NULL, NULL),
(2, 'Lunch', '12:00:00', '14:00:00', NULL, NULL),
(3, 'Dinner', '19:00:00', '21:00:00', NULL, NULL);

-- --------------------------------------------------------

--
-- Table structure for table `users`
--

DROP TABLE IF EXISTS `users`;
CREATE TABLE IF NOT EXISTS `users` (
  `id` int(10) UNSIGNED NOT NULL AUTO_INCREMENT,
  `name` varchar(255) COLLATE utf8mb4_unicode_ci NOT NULL,
  `email` varchar(250) COLLATE utf8mb4_unicode_ci NOT NULL,
  `role` int(11) NOT NULL,
  `phone` varchar(20) COLLATE utf8mb4_unicode_ci NOT NULL,
  `email_verified_at` timestamp NULL DEFAULT NULL,
  `password` varchar(255) COLLATE utf8mb4_unicode_ci NOT NULL,
  `remember_token` varchar(100) COLLATE utf8mb4_unicode_ci DEFAULT NULL,
  `created_at` timestamp NULL DEFAULT NULL,
  `updated_at` timestamp NULL DEFAULT NULL,
  `pic_name` varchar(255) COLLATE utf8mb4_unicode_ci DEFAULT NULL,
  `is_allowed` int(11) DEFAULT '0',
  PRIMARY KEY (`id`),
  UNIQUE KEY `users_email_unique` (`email`)
) ENGINE=MyISAM AUTO_INCREMENT=8 DEFAULT CHARSET=utf8mb4 COLLATE=utf8mb4_unicode_ci;

--
-- Dumping data for table `users`
--

INSERT INTO `users` (`id`, `name`, `email`, `role`, `phone`, `email_verified_at`, `password`, `remember_token`, `created_at`, `updated_at`, `pic_name`, `is_allowed`) VALUES
(1, 'Bangali Nillu', 'nilarnabdebnath@gmail.com', 1, '8529734928', NULL, '$2y$10$Ibfmksb4TGirpc6NWnXCBuajp3cZwWKBlNDV4xWqYZnhaB9iPi00G', '9s65wmZced56jA5aYNm9VSNilvnCGDiKkFevV18LrRxmYYLiM6yYWYQAPuUw', '2022-01-08 05:51:03', '2022-02-19 08:04:38', '1_Bangali Nillu.jpg', 1),
(2, 'admin', '2019ucp1429@mnit.ac.in', 2, '8529734928', NULL, '$2y$10$vZIBNbHMv5VDIpiFnuiyJuNtSJlksMvw2s6VRvnQH8E8jAf7rE7Da', NULL, '2022-01-13 07:51:10', '2022-02-19 08:02:52', NULL, 1),
(3, 'Nilarnab Debnath', 'nilar@gmail.com', 4, '8529734928', NULL, '$2y$10$bYLqhba2TictHSZzBwFvI.s2HIQUDRFJVrsCi7sVHt2Fu9DEQoTZq', NULL, '2022-01-13 12:55:40', '2022-08-07 08:51:53', NULL, 1),
(4, 'Nilarnab Debnath', 'nilarnabdebnh@gmail.com', 1, '8529734928', NULL, '$2y$10$QHFoRw9xKDC4InioWgx22.SZgoQZ/ZrYVeUHNgd5fXeBsae5ZC1T.', NULL, '2022-01-13 12:56:37', '2022-02-05 08:41:31', NULL, 0),
(5, 'Nilarnab Debnath', 'nilarnaenath@gmail.com', 1, '8529734928', NULL, '$2y$10$x4ASVjUfb05hhhb/Pkn17O57kE/lltF4ghJchETbr.7D7KnvWb9nC', NULL, '2022-01-13 13:00:53', '2022-01-13 23:39:53', NULL, 0),
(6, 'ullu', 'ullu@ullu.com', 1, '8529734928', NULL, '$2y$10$vZIBNbHMv5VDIpiFnuiyJuNtSJlksMvw2s6VRvnQH8E8jAf7rE7Da', NULL, '2022-08-07 08:49:10', '2022-08-07 08:49:10', NULL, 0),
(7, 'Nilarnab Debnath', 'nilu@gmail.com', 1, '8529734928', NULL, '$2y$10$MgeDHsa8gg1WK159QJLNYOOIFqrAM6ULQguYJhpMx/CgKCIBahGpG', NULL, '2023-01-05 11:12:19', '2023-01-05 11:12:19', NULL, 1);
COMMIT;

/*!40101 SET CHARACTER_SET_CLIENT=@OLD_CHARACTER_SET_CLIENT */;
/*!40101 SET CHARACTER_SET_RESULTS=@OLD_CHARACTER_SET_RESULTS */;
/*!40101 SET COLLATION_CONNECTION=@OLD_COLLATION_CONNECTION */;
